sample_id,age_group,skin_type,face_shape,mood_label,eye_openness,blink_rate_per_min,skin_hydration_score,skin_shine_score,redness_score,under_eye_darkness_score,pigmentation_score,lip_brightness_score,skin_texture_score,facial_symmetry_score,primary_beauty_concern,energy_score,skin_appearance_score,mood_confidence,skin_confidence,wellness_note_type
FS_0001,46-60,normal,oblong,calm,0.797,19.8,57.0,46.5,0.0,20.1,43.9,57.0,71.1,76.6,sun_damage,85.4,76.3,0.828,0.776,general_skincare
FS_0002,46-60,oily,round,neutral,0.65,16.4,40.3,93.8,29.6,43.7,44.3,81.7,65.9,77.7,sun_damage,58.2,63.6,0.744,0.878,general_skincare
FS_0003,18-25,dry,heart,neutral,0.634,12.9,48.8,19.5,9.3,32.4,18.1,70.9,49.5,88.8,dark_circles,72.1,65.2,0.731,0.785,hydration_tip
FS_0004,26-35,normal,square,stressed,0.665,24.3,49.9,56.7,45.3,43.8,24.3,66.1,48.1,70.8,none,56.2,52.2,0.913,0.719,general_skincare
FS_0005,46-60,dry,square,neutral,0.66,21.1,39.1,18.8,48.2,57.7,14.4,78.9,23.4,87.6,sun_damage,66.4,49.4,0.851,0.811,hydration_tip
FS_0006,46-60,dry,oval,calm,0.733,18.4,63.5,35.0,29.5,11.6,16.7,72.7,53.9,83.5,redness_flush,78.7,72.0,0.746,0.819,hydration_tip
FS_0007,36-45,normal,oval,stressed,0.526,22.9,63.3,30.4,62.4,56.2,25.1,66.7,50.2,74.2,none,51.8,54.8,0.821,0.717,sun_or_stress_tip
FS_0008,26-35,oily,square,stressed,0.481,20.5,59.2,70.8,48.1,52.1,32.2,66.4,62.0,74.2,dryness,56.0,61.4,0.781,0.909,general_skincare
FS_0009,18-25,dry,round,sad,0.474,18.3,36.1,39.1,53.6,62.0,25.1,64.9,61.1,67.0,none,45.7,53.5,0.929,0.876,hydration_tip
FS_0010,36-45,oily,heart,stressed,0.487,26.6,37.5,77.4,73.0,54.4,29.0,58.1,81.4,82.2,dark_lips,49.0,51.8,0.741,0.742,hydration_tip
FS_0011,46-60,normal,square,stressed,0.678,23.4,66.3,24.8,60.3,51.7,18.0,69.6,88.8,71.4,redness_flush,56.4,59.3,0.812,0.769,sun_or_stress_tip
FS_0012,46-60,normal,oblong,tired,0.513,23.9,68.2,65.4,36.0,100.0,47.4,58.0,55.0,82.3,sun_damage,43.4,57.3,0.863,0.955,sleep_tip
FS_0013,36-45,oily,oblong,calm,0.462,14.1,71.2,72.0,34.5,10.7,5.4,59.5,55.6,67.4,dark_lips,74.2,66.2,0.794,0.809,general_skincare
FS_0014,36-45,dry,heart,happy,0.713,15.6,23.3,52.0,12.0,49.2,40.2,72.0,57.0,61.1,none,80.7,54.8,0.876,0.722,hydration_tip
FS_0015,46-60,dry,oval,stressed,0.774,26.9,42.2,33.3,73.7,41.9,31.3,46.6,41.2,93.0,none,51.8,45.5,0.885,0.773,hydration_tip
FS_0016,26-35,dry,oblong,sad,0.779,16.4,43.0,20.9,17.8,43.8,20.8,61.5,44.3,87.9,dryness,60.8,57.9,0.942,0.768,hydration_tip
FS_0017,26-35,dry,oval,stressed,0.659,27.2,39.6,28.7,67.7,54.0,0.0,87.9,43.4,97.0,dryness,49.1,52.5,0.883,0.754,hydration_tip
FS_0018,46-60,oily,oval,happy,0.722,16.7,68.6,70.4,20.7,24.3,52.3,90.3,75.1,83.2,pigmentation,78.4,74.5,0.862,0.85,general_skincare
FS_0019,46-60,dry,heart,tired,0.4,25.1,60.6,22.7,33.9,72.2,38.2,83.0,44.7,86.5,dark_lips,40.5,57.8,0.863,0.864,hydration_tip
FS_0020,18-25,oily,oblong,calm,0.879,17.8,65.5,83.5,24.8,13.6,26.1,60.5,83.7,76.7,dark_circles,86.1,78.4,0.93,0.811,general_skincare
FS_0021,46-60,oily,heart,neutral,0.623,17.8,40.6,59.1,19.2,34.6,42.7,90.7,82.0,76.6,none,64.5,67.2,0.863,0.893,general_skincare
FS_0022,18-25,oily,oval,sad,0.642,23.4,56.7,80.8,38.4,41.6,28.4,70.2,71.4,71.0,sun_damage,62.5,64.6,0.877,0.852,general_skincare
FS_0023,26-35,normal,oblong,neutral,0.575,16.2,56.2,42.1,11.9,63.4,13.6,57.7,51.4,71.1,dark_circles,74.6,54.2,0.753,0.72,sleep_tip
FS_0024,18-25,normal,oblong,sleepy,0.222,29.4,82.2,42.4,9.3,93.7,23.3,87.3,47.7,72.6,none,26.6,65.6,0.969,0.844,sleep_tip
FS_0025,46-60,normal,oval,sleepy,0.218,20.8,60.1,38.7,21.9,61.3,43.0,76.9,70.0,74.2,dryness,31.3,67.3,0.858,0.846,sleep_tip
FS_0026,46-60,normal,heart,stressed,0.297,21.7,75.1,62.6,61.0,52.8,62.2,87.8,57.8,79.0,redness_flush,32.5,69.6,0.794,0.836,sun_or_stress_tip
FS_0027,26-35,normal,heart,happy,0.778,18.8,64.6,28.0,29.9,36.4,41.8,49.8,68.3,77.3,none,84.3,63.0,0.806,0.933,general_skincare
FS_0028,18-25,dry,round,neutral,0.516,18.8,36.0,40.5,26.5,36.8,50.2,100.0,63.0,75.4,none,55.2,58.0,0.92,0.863,hydration_tip
FS_0029,46-60,oily,square,tired,0.502,18.3,58.3,79.8,39.5,68.9,40.9,92.4,66.5,79.1,none,51.3,59.3,0.853,0.728,sleep_tip
FS_0030,46-60,dry,square,calm,0.649,10.0,34.2,15.0,50.3,42.1,37.9,90.7,53.1,70.2,dullness,80.5,57.9,0.815,0.788,hydration_tip
FS_0031,36-45,dry,square,calm,0.491,14.9,34.6,12.9,42.8,27.3,40.6,82.7,51.9,82.1,redness_flush,75.1,59.2,0.863,0.773,hydration_tip
FS_0032,18-25,oily,round,calm,0.774,5.4,52.5,72.3,2.1,40.8,7.9,73.7,100.0,63.5,none,87.4,71.9,0.967,0.784,general_skincare
FS_0033,18-25,oily,heart,happy,1.0,13.9,55.4,77.9,36.8,40.3,35.3,68.0,79.4,76.3,redness_flush,97.8,67.5,0.761,0.743,general_skincare
FS_0034,18-25,oily,round,sad,0.547,20.1,78.5,85.9,54.6,41.6,28.8,81.3,37.4,91.6,dullness,45.0,59.1,0.856,0.936,general_skincare
FS_0035,46-60,oily,square,neutral,0.503,21.0,62.1,71.0,39.5,74.3,40.7,73.5,63.6,70.4,none,66.1,59.8,0.909,0.727,sleep_tip
FS_0036,26-35,oily,round,neutral,0.648,13.6,52.7,80.5,41.4,23.2,38.0,89.0,75.8,94.9,none,65.8,68.1,0.806,0.759,general_skincare
FS_0037,36-45,dry,oblong,neutral,0.714,13.1,71.3,29.6,31.6,49.6,32.2,73.1,40.9,82.2,dullness,67.2,68.6,0.746,0.919,hydration_tip
FS_0038,26-35,dry,oval,happy,0.787,19.8,21.7,46.4,27.6,23.2,9.8,46.8,63.5,78.7,dark_circles,88.1,51.7,0.867,0.709,hydration_tip
FS_0039,36-45,dry,square,calm,0.654,18.2,33.9,20.1,31.7,28.2,72.1,47.2,53.5,88.2,none,69.4,52.1,0.772,0.933,hydration_tip
FS_0040,46-60,dry,square,sad,0.71,16.6,22.2,36.4,31.5,77.1,15.0,100.0,74.3,77.8,none,57.4,52.3,0.813,0.77,hydration_tip
FS_0041,46-60,dry,square,happy,0.838,13.3,40.9,28.4,19.4,18.3,39.5,68.2,59.0,68.5,none,88.8,61.0,0.961,0.946,hydration_tip
FS_0042,36-45,dry,oval,calm,0.768,12.5,50.3,33.6,45.5,43.3,28.4,80.5,66.1,73.4,dark_circles,90.3,58.3,0.829,0.777,hydration_tip
FS_0043,36-45,normal,oblong,happy,0.814,16.1,52.0,46.5,64.2,0.0,38.0,84.8,51.0,73.8,dullness,81.1,61.4,0.763,0.771,sun_or_stress_tip
FS_0044,26-35,normal,oval,stressed,0.609,28.8,66.2,39.8,85.2,51.7,11.5,57.3,57.3,85.6,dullness,60.4,54.4,0.825,0.8,sun_or_stress_tip
FS_0045,18-25,oily,oval,sleepy,0.402,20.4,50.7,59.1,21.2,50.4,10.4,84.8,56.7,98.0,dullness,41.2,64.6,0.787,0.84,general_skincare
FS_0046,36-45,dry,round,happy,1.0,15.7,55.8,19.6,29.5,58.3,15.6,95.4,61.9,72.9,pigmentation,87.9,65.6,0.746,0.782,hydration_tip
FS_0047,26-35,normal,oblong,tired,0.501,16.3,72.6,55.3,48.4,85.3,37.5,76.4,69.0,63.1,none,55.3,59.9,0.903,0.75,sleep_tip
FS_0048,18-25,normal,oval,neutral,0.815,16.7,62.4,58.6,8.9,46.0,9.4,87.9,66.3,79.2,none,81.1,71.1,0.904,0.835,general_skincare
FS_0049,46-60,normal,oval,tired,0.511,20.9,75.7,45.9,39.6,59.1,13.9,77.9,58.7,76.2,none,55.6,65.6,0.748,0.792,general_skincare
FS_0050,46-60,normal,oblong,sleepy,0.189,25.2,65.1,37.4,25.3,84.8,42.1,70.7,73.4,86.4,dark_lips,27.6,61.4,0.882,0.858,sleep_tip
FS_0051,26-35,oily,oblong,tired,0.536,22.8,43.0,82.9,77.5,75.5,0.0,72.5,44.4,98.0,sun_damage,45.6,48.7,0.776,0.84,sun_or_stress_tip
FS_0052,26-35,normal,round,neutral,0.411,13.9,65.8,26.9,29.0,35.0,26.9,73.2,56.5,70.3,none,61.3,66.1,0.74,0.757,general_skincare
FS_0053,26-35,normal,oblong,neutral,0.789,17.1,90.4,57.8,46.6,40.1,27.4,94.2,64.7,82.9,none,70.2,71.9,0.894,0.877,general_skincare
FS_0054,36-45,normal,heart,calm,0.696,12.1,59.7,53.9,31.3,34.4,34.6,70.0,81.4,64.6,sun_damage,75.5,70.1,0.722,0.913,general_skincare
FS_0055,18-25,oily,square,happy,0.922,15.2,43.8,71.2,41.6,40.8,32.8,61.3,80.5,86.8,dryness,88.2,67.4,0.753,0.897,general_skincare
FS_0056,18-25,oily,oblong,neutral,0.816,15.4,56.6,61.3,31.3,56.7,16.9,82.3,76.5,83.2,none,77.3,66.4,0.88,0.803,general_skincare
FS_0057,18-25,normal,oblong,tired,0.451,22.2,53.0,65.3,38.8,85.9,30.1,76.4,78.0,82.0,pigmentation,38.8,59.6,0.948,0.952,sleep_tip
FS_0058,36-45,normal,square,stressed,0.529,30.3,67.5,30.8,59.9,41.1,37.6,60.9,63.8,61.0,none,41.3,58.0,0.894,0.924,sun_or_stress_tip
FS_0059,46-60,normal,round,sleepy,0.306,24.5,70.0,37.1,34.8,65.9,28.9,53.9,70.9,71.0,dark_lips,26.2,59.2,0.892,0.908,sleep_tip
FS_0060,46-60,oily,round,sad,0.605,21.1,75.7,94.3,33.6,45.2,40.2,77.3,77.3,89.8,dryness,55.4,79.0,0.916,0.825,general_skincare
FS_0061,46-60,oily,oval,tired,0.558,26.5,54.4,100.0,16.6,84.9,63.1,67.1,67.4,87.4,none,36.5,63.6,0.843,0.721,sleep_tip
FS_0062,46-60,oily,heart,tired,0.538,19.5,71.6,72.7,60.8,80.1,38.4,92.1,83.3,98.0,dullness,48.9,64.9,0.938,0.934,sun_or_stress_tip
FS_0063,18-25,dry,oblong,neutral,0.573,12.2,33.9,5.0,22.7,48.0,17.9,89.4,75.2,89.5,dark_circles,56.8,63.7,0.829,0.725,hydration_tip
FS_0064,26-35,dry,round,tired,0.341,22.1,46.5,27.0,52.1,48.1,41.6,60.1,30.2,75.5,none,40.2,44.7,0.887,0.738,hydration_tip
FS_0065,18-25,oily,oblong,sad,0.479,19.8,68.2,90.7,46.2,46.6,30.4,88.2,65.8,81.4,none,48.6,66.5,0.954,0.71,general_skincare
FS_0066,46-60,dry,oblong,neutral,0.689,10.0,53.0,32.2,45.0,0.0,69.3,68.0,67.5,68.6,none,77.5,64.4,0.961,0.766,hydration_tip
FS_0067,18-25,normal,round,neutral,0.676,24.0,79.6,51.7,23.3,39.1,28.0,76.3,54.9,84.0,dullness,69.8,68.1,0.807,0.741,general_skincare
FS_0068,18-25,oily,oval,neutral,0.649,15.2,61.6,66.6,43.5,35.8,19.5,80.5,65.5,86.5,none,62.8,69.9,0.812,0.803,general_skincare
FS_0069,36-45,dry,heart,stressed,0.738,31.9,38.4,27.6,40.2,57.0,44.0,79.8,96.0,78.3,sun_damage,48.4,58.4,0.839,0.803,hydration_tip
FS_0070,36-45,normal,heart,sleepy,0.471,24.0,69.3,47.2,23.7,67.5,0.0,68.6,56.2,68.1,pigmentation,29.9,63.2,0.899,0.804,sleep_tip
FS_0071,26-35,dry,round,happy,0.846,12.6,43.3,12.0,21.0,35.1,1.1,76.2,51.7,83.0,pigmentation,88.1,61.0,0.748,0.701,hydration_tip
FS_0072,36-45,normal,oval,neutral,0.596,14.7,51.2,69.0,11.3,26.9,14.2,82.5,65.9,89.2,dullness,69.4,67.6,0.826,0.74,general_skincare
FS_0073,46-60,normal,oval,tired,0.323,21.5,55.2,39.1,48.4,49.0,49.0,51.1,79.3,64.1,redness_flush,30.4,53.4,0.893,0.958,general_skincare
FS_0074,36-45,dry,oblong,tired,0.5,21.9,51.7,12.3,15.5,93.3,3.4,52.9,37.7,96.7,pigmentation,43.0,52.3,0.788,0.854,hydration_tip
FS_0075,18-25,dry,oval,calm,0.887,10.8,62.1,33.0,14.4,27.1,33.4,71.1,59.5,69.7,none,85.7,68.6,0.925,0.7,hydration_tip
FS_0076,26-35,normal,round,sleepy,0.249,21.9,82.6,49.7,69.8,78.3,27.9,65.7,71.9,76.6,pigmentation,28.5,58.5,0.815,0.79,sun_or_stress_tip
FS_0077,26-35,dry,square,neutral,0.703,16.7,46.4,44.8,0.1,57.5,0.0,70.4,82.7,84.1,redness_flush,78.8,68.0,0.918,0.779,hydration_tip
FS_0078,26-35,oily,square,happy,0.728,14.1,59.0,82.6,31.8,41.4,0.0,66.9,55.7,80.7,dark_lips,82.8,65.4,0.82,0.738,general_skincare
FS_0079,46-60,oily,round,happy,0.841,16.2,36.4,68.2,0.0,34.7,42.2,58.9,77.6,66.5,dullness,86.2,68.2,0.841,0.896,hydration_tip
FS_0080,46-60,normal,oblong,neutral,0.612,15.6,63.6,39.5,34.5,28.0,38.2,59.8,48.5,86.2,dullness,55.1,66.8,0.942,0.817,general_skincare
FS_0081,46-60,oily,heart,tired,0.545,23.7,51.1,44.9,31.8,74.3,15.8,72.6,69.8,83.2,none,35.6,65.1,0.787,0.739,sleep_tip
FS_0082,18-25,normal,round,calm,0.871,16.9,80.1,51.9,32.4,26.1,32.0,72.3,74.6,76.5,none,86.6,76.6,0.817,0.817,general_skincare
FS_0083,26-35,normal,round,tired,0.476,21.9,77.5,62.7,38.2,69.5,25.2,62.4,59.2,57.6,sun_damage,41.7,64.5,0.745,0.872,sleep_tip
FS_0084,46-60,oily,heart,tired,0.484,18.0,60.1,78.9,27.1,53.9,52.4,69.3,59.1,74.7,dryness,48.7,59.0,0.759,0.711,general_skincare
FS_0085,26-35,normal,oblong,calm,0.615,8.1,92.7,34.8,21.7,23.6,29.6,81.4,82.0,72.8,dark_lips,87.6,80.4,0.965,0.895,general_skincare
FS_0086,18-25,oily,oblong,happy,0.915,13.2,61.5,55.4,21.9,35.0,16.0,73.8,69.8,82.8,none,88.0,64.2,0.868,0.832,general_skincare
FS_0087,36-45,oily,oblong,happy,0.9,16.7,43.7,73.2,49.9,34.0,33.1,74.8,58.0,72.4,dark_lips,82.3,60.1,0.903,0.86,general_skincare
FS_0088,36-45,normal,heart,tired,0.677,30.2,70.8,50.8,52.4,80.8,54.9,81.0,68.5,89.0,dryness,42.1,59.1,0.901,0.93,sleep_tip
FS_0089,46-60,oily,heart,sad,0.53,13.9,69.8,72.9,54.9,49.3,34.7,65.6,66.6,79.0,dryness,64.7,67.8,0.926,0.83,general_skincare
FS_0090,36-45,oily,oval,tired,0.564,24.3,59.1,93.7,22.9,64.9,14.2,43.9,68.8,76.9,dullness,46.3,62.1,0.879,0.829,sleep_tip
FS_0091,36-45,normal,oblong,neutral,0.782,20.1,72.3,48.6,37.7,24.3,63.3,93.4,76.0,79.8,pigmentation,66.4,71.0,0.84,0.813,general_skincare
FS_0092,18-25,normal,oval,sad,0.592,18.5,62.4,43.8,38.9,45.2,20.2,69.7,82.4,71.8,sun_damage,48.9,60.9,0.914,0.717,general_skincare
FS_0093,46-60,oily,oval,happy,0.489,19.1,66.8,72.6,31.0,38.3,14.6,62.6,81.1,66.7,none,65.4,76.1,0.957,0.952,general_skincare
FS_0094,46-60,oily,oval,sleepy,0.281,22.4,63.6,99.0,50.2,35.5,41.6,90.0,51.3,83.0,dark_lips,28.9,63.1,0.887,0.82,general_skincare
FS_0095,46-60,dry,heart,happy,0.948,16.2,34.2,27.3,20.6,39.6,27.4,62.9,68.3,71.1,dryness,92.6,57.5,0.938,0.762,hydration_tip
FS_0096,46-60,dry,heart,sleepy,0.599,30.1,38.8,19.6,23.6,47.7,30.2,86.9,21.1,68.7,none,31.1,49.9,0.851,0.775,hydration_tip
FS_0097,36-45,normal,square,calm,0.866,10.2,34.9,60.8,6.6,31.4,14.5,88.2,100.0,79.6,none,96.9,69.2,0.798,0.908,hydration_tip
FS_0098,36-45,normal,oblong,neutral,0.743,17.0,71.2,47.5,47.2,60.9,7.2,66.4,70.5,75.6,dryness,73.9,64.4,0.963,0.788,sleep_tip
FS_0099,26-35,normal,oval,stressed,0.489,28.0,83.8,46.6,26.2,42.3,44.5,69.7,56.0,73.5,redness_flush,40.3,69.2,0.905,0.75,general_skincare
FS_0100,26-35,dry,square,sad,0.7,16.5,46.8,27.7,14.4,53.2,7.3,86.6,45.5,79.8,none,58.0,61.2,0.894,0.833,hydration_tip
FS_0101,46-60,oily,square,happy,0.72,21.1,62.1,78.6,40.3,20.5,50.9,74.8,48.1,65.1,none,73.4,62.2,0.964,0.729,general_skincare
FS_0102,36-45,oily,heart,tired,0.527,18.6,68.1,81.9,40.6,70.5,55.6,83.2,100.0,82.8,dark_circles,48.0,69.5,0.744,0.763,sleep_tip
FS_0103,46-60,dry,oblong,calm,0.547,17.7,54.6,17.6,31.4,42.4,51.5,73.0,62.3,72.2,none,71.8,65.8,0.783,0.757,hydration_tip
FS_0104,46-60,normal,oval,stressed,0.476,23.6,56.2,42.4,79.5,47.7,59.0,85.5,64.9,73.5,pigmentation,46.0,51.4,0.847,0.865,sun_or_stress_tip
FS_0105,18-25,normal,oval,happy,0.793,14.4,65.7,51.7,0.0,5.5,59.4,62.9,34.8,65.0,dryness,92.2,75.7,0.722,0.757,general_skincare
FS_0106,46-60,normal,square,calm,0.454,10.0,62.1,31.9,16.3,41.7,40.0,88.6,72.7,86.9,none,74.5,72.4,0.753,0.771,general_skincare
FS_0107,18-25,dry,heart,sleepy,0.421,25.7,52.1,14.0,50.8,56.3,37.2,77.5,63.5,67.2,pigmentation,32.7,57.5,0.857,0.934,hydration_tip
FS_0108,26-35,oily,round,tired,0.5,22.5,44.9,92.9,38.5,68.3,35.6,73.3,83.3,80.6,redness_flush,45.3,57.3,0.723,0.81,sleep_tip
FS_0109,46-60,dry,heart,happy,0.876,15.3,35.2,35.4,50.0,27.7,35.5,60.9,47.9,87.8,none,94.9,53.7,0.777,0.8,hydration_tip
FS_0110,18-25,normal,heart,neutral,0.462,14.6,46.0,62.1,53.8,50.5,10.2,90.7,66.5,67.1,none,62.0,59.6,0.805,0.834,general_skincare
FS_0111,26-35,dry,heart,tired,0.462,18.5,55.3,13.8,15.6,88.4,53.4,63.5,51.4,67.7,none,50.4,54.4,0.745,0.754,hydration_tip
FS_0112,46-60,dry,oblong,calm,0.524,13.8,40.9,30.7,28.6,42.5,14.9,49.2,59.4,59.6,none,83.2,61.1,0.928,0.815,hydration_tip
FS_0113,46-60,normal,oval,sleepy,0.384,18.4,54.6,57.0,37.6,92.2,42.4,53.4,62.7,83.1,pigmentation,37.5,56.3,0.918,0.82,sleep_tip
FS_0114,46-60,dry,heart,happy,1.0,10.7,45.0,33.6,46.3,31.6,42.6,64.5,55.8,74.9,none,97.6,53.4,0.841,0.925,hydration_tip
FS_0115,46-60,oily,square,calm,0.669,19.8,32.4,100.0,40.8,31.6,37.2,74.0,77.3,83.8,dullness,79.4,59.5,0.798,0.767,hydration_tip
FS_0116,18-25,dry,square,sad,0.815,17.2,53.4,41.2,21.9,36.0,42.2,62.6,39.5,71.8,sun_damage,68.1,60.2,0.904,0.917,hydration_tip
FS_0117,18-25,oily,round,happy,0.802,16.5,50.6,79.8,53.1,18.9,39.4,54.2,99.5,85.1,dullness,82.0,69.2,0.919,0.884,general_skincare
FS_0118,18-25,oily,oblong,tired,0.36,18.3,68.5,68.4,37.7,79.2,20.8,78.9,48.4,76.8,dullness,44.6,59.1,0.824,0.897,sleep_tip
FS_0119,46-60,normal,round,stressed,0.872,19.5,60.2,50.3,41.4,64.5,50.7,77.8,73.3,90.3,dryness,67.0,62.1,0.82,0.741,sleep_tip
FS_0120,46-60,oily,oblong,sad,0.505,18.1,69.5,63.6,15.1,66.0,33.9,59.1,80.2,73.6,none,52.9,68.6,0.826,0.798,sleep_tip
FS_0121,26-35,normal,square,happy,0.789,14.1,57.9,52.9,38.3,24.2,16.3,58.4,75.4,70.8,sun_damage,86.6,60.8,0.881,0.713,general_skincare
FS_0122,46-60,dry,heart,tired,0.471,24.9,45.5,18.0,35.7,73.2,5.5,88.7,40.4,90.8,dark_lips,45.8,57.2,0.889,0.858,hydration_tip
FS_0123,46-60,dry,oblong,neutral,0.725,14.9,37.9,51.6,17.9,40.5,39.7,65.6,59.2,83.3,dryness,73.9,57.4,0.815,0.788,hydration_tip
FS_0124,36-45,normal,oval,neutral,0.759,16.0,79.0,36.6,51.2,29.2,0.0,65.4,63.8,75.0,dark_lips,68.7,68.8,0.75,0.769,general_skincare
FS_0125,46-60,oily,oblong,tired,0.378,23.6,69.5,99.0,68.2,80.6,53.4,71.8,77.3,95.5,pigmentation,31.9,63.1,0.82,0.779,sun_or_stress_tip
FS_0126,18-25,normal,round,neutral,0.606,25.4,70.1,42.7,32.3,38.4,27.8,47.7,88.1,90.1,dryness,54.4,73.7,0.769,0.737,general_skincare
FS_0127,36-45,normal,oval,calm,0.848,15.2,73.3,35.6,43.6,13.6,27.4,70.9,85.6,88.0,sun_damage,76.6,76.4,0.959,0.838,general_skincare
FS_0128,26-35,oily,heart,neutral,0.693,18.4,42.3,78.3,64.3,13.1,24.1,85.7,74.2,84.2,none,67.9,63.5,0.885,0.728,sun_or_stress_tip
FS_0129,18-25,normal,oval,neutral,0.488,18.6,92.3,31.6,32.8,27.4,31.4,70.3,61.0,82.4,dryness,55.7,78.6,0.835,0.903,general_skincare
FS_0130,36-45,dry,oval,sleepy,0.342,23.0,27.0,35.3,48.2,64.8,17.9,73.7,45.9,77.4,dryness,32.0,46.5,0.758,0.957,hydration_tip
FS_0131,46-60,normal,oblong,happy,0.702,20.6,85.0,40.8,2.0,46.1,27.7,81.1,42.4,86.0,dullness,74.4,71.7,0.964,0.707,general_skincare
FS_0132,26-35,normal,heart,calm,0.61,17.5,88.2,41.7,0.0,55.0,38.9,63.4,66.9,68.0,dark_lips,72.3,78.0,0.926,0.931,general_skincare
FS_0133,46-60,oily,oval,calm,0.688,15.3,41.4,92.6,35.2,22.2,24.4,68.8,82.6,84.7,dark_circles,79.1,69.6,0.855,0.773,general_skincare
FS_0134,36-45,normal,heart,tired,0.68,29.5,60.2,49.6,60.5,54.5,16.3,61.8,69.6,76.0,dark_lips,49.8,55.8,0.905,0.921,sun_or_stress_tip
FS_0135,36-45,dry,oval,neutral,0.612,19.6,34.6,23.5,9.3,30.6,28.8,92.0,47.1,68.7,dark_circles,64.5,54.6,0.958,0.711,hydration_tip
FS_0136,26-35,dry,oval,calm,0.856,17.8,42.4,16.5,0.0,30.5,41.2,83.9,63.4,77.3,redness_flush,85.5,68.2,0.728,0.713,hydration_tip
FS_0137,26-35,oily,square,tired,0.607,24.3,65.6,77.1,4.1,66.8,31.8,62.5,60.0,91.0,none,39.4,65.3,0.845,0.884,sleep_tip
FS_0138,46-60,normal,square,happy,0.998,16.1,65.1,51.2,33.7,52.2,23.1,66.1,54.4,68.9,dark_lips,98.1,62.9,0.933,0.955,general_skincare
FS_0139,26-35,oily,heart,calm,0.593,13.5,66.1,74.4,40.1,25.0,3.5,78.4,60.6,75.9,none,74.7,68.2,0.966,0.904,general_skincare
FS_0140,18-25,dry,heart,calm,0.922,13.3,38.5,21.7,17.4,1.3,5.1,71.1,73.2,72.5,redness_flush,79.8,64.9,0.739,0.857,hydration_tip
FS_0141,46-60,dry,oval,calm,0.854,10.5,43.1,32.8,23.7,31.0,41.0,58.6,73.0,89.2,none,93.4,60.6,0.888,0.852,hydration_tip
FS_0142,46-60,oily,oval,happy,1.0,12.6,40.7,93.2,32.1,22.0,47.3,67.7,79.8,78.6,none,100.0,69.1,0.845,0.893,general_skincare
FS_0143,46-60,normal,oblong,happy,0.822,17.0,68.6,64.2,34.0,5.6,56.3,84.5,78.2,67.8,pigmentation,85.4,74.8,0.739,0.937,general_skincare
FS_0144,26-35,dry,square,sleepy,0.574,26.5,46.9,33.4,14.0,75.3,46.3,79.5,54.2,93.4,none,44.0,58.2,0.855,0.77,hydration_tip
FS_0145,36-45,normal,oblong,neutral,0.8,16.2,80.7,53.2,78.9,37.2,43.7,63.3,70.0,53.7,pigmentation,67.4,63.8,0.837,0.707,sun_or_stress_tip
FS_0146,36-45,oily,round,sleepy,0.59,19.4,49.6,70.1,43.1,55.4,40.0,72.3,60.3,81.0,none,42.8,55.0,0.854,0.793,general_skincare
FS_0147,36-45,normal,oval,calm,0.603,10.2,76.5,48.1,41.0,0.0,17.0,70.2,75.8,85.6,pigmentation,83.0,79.4,0.723,0.777,general_skincare
FS_0148,46-60,dry,round,sleepy,0.353,14.6,61.1,22.4,36.5,89.9,27.9,83.5,23.1,83.0,dark_circles,47.7,51.7,0.809,0.727,hydration_tip
FS_0149,46-60,oily,round,calm,0.632,13.2,48.2,65.2,43.0,15.4,41.9,70.5,91.0,73.5,dark_lips,74.7,73.5,0.763,0.83,general_skincare
FS_0150,26-35,normal,oval,sad,0.458,18.3,56.9,51.1,14.6,41.5,10.1,79.1,82.0,75.9,none,36.3,71.3,0.873,0.923,general_skincare
FS_0151,18-25,dry,oval,sad,0.448,20.9,56.9,29.6,33.4,53.4,0.0,67.4,48.7,90.9,none,42.8,59.4,0.921,0.934,hydration_tip
FS_0152,18-25,oily,square,neutral,0.782,9.1,50.7,78.5,48.0,30.1,0.0,78.7,61.1,67.3,dark_circles,79.3,58.5,0.812,0.712,general_skincare
FS_0153,46-60,normal,round,happy,0.858,12.0,65.6,47.9,39.0,40.7,27.0,71.1,76.4,91.1,pigmentation,95.8,71.1,0.91,0.704,general_skincare
FS_0154,36-45,dry,oblong,sleepy,0.327,21.3,45.6,33.6,38.0,77.0,50.5,85.0,54.7,86.5,dullness,36.7,50.9,0.898,0.8,hydration_tip
FS_0155,46-60,oily,oblong,calm,0.696,10.1,58.2,86.8,11.4,52.3,45.7,84.4,60.8,85.7,redness_flush,84.8,66.9,0.801,0.77,general_skincare
FS_0156,36-45,dry,oval,calm,0.865,16.7,40.1,43.7,36.1,41.1,31.8,62.9,28.2,75.7,dark_circles,88.4,51.0,0.944,0.931,hydration_tip
FS_0157,46-60,normal,round,tired,0.4,22.0,76.9,55.1,76.7,49.2,21.9,53.8,65.9,87.9,none,40.8,59.9,0.897,0.78,sun_or_stress_tip
FS_0158,26-35,dry,round,happy,0.765,18.3,22.2,10.3,32.9,20.4,38.3,86.4,55.3,68.4,dryness,80.9,58.1,0.805,0.837,hydration_tip
FS_0159,18-25,normal,oval,neutral,0.814,18.9,76.3,67.2,29.0,27.6,42.8,86.4,77.8,76.6,none,81.4,76.3,0.882,0.772,general_skincare
FS_0160,36-45,normal,round,neutral,0.52,15.6,69.1,41.6,39.6,36.9,27.5,64.4,42.1,59.5,redness_flush,65.8,62.2,0.82,0.74,general_skincare
FS_0161,46-60,normal,square,sad,0.601,16.9,70.3,38.0,22.3,50.8,40.5,68.5,50.6,83.7,redness_flush,56.3,73.2,0.942,0.751,general_skincare
FS_0162,36-45,oily,square,neutral,0.71,19.9,57.6,81.5,22.3,34.9,21.9,59.5,67.5,64.1,none,58.5,63.2,0.802,0.778,general_skincare
FS_0163,46-60,oily,round,neutral,0.51,12.5,68.2,94.0,28.9,18.5,27.4,84.1,71.6,77.1,dark_circles,67.2,74.4,0.79,0.795,general_skincare
FS_0164,36-45,normal,oval,stressed,0.746,26.4,63.0,57.7,76.4,54.2,7.2,63.0,93.8,77.3,dryness,59.9,61.9,0.935,0.806,sun_or_stress_tip
FS_0165,46-60,dry,square,sleepy,0.351,22.0,64.8,47.5,68.3,69.5,42.4,48.8,72.7,67.5,none,30.9,55.8,0.775,0.748,hydration_tip
FS_0166,46-60,normal,round,sad,0.767,25.1,83.0,41.3,23.4,59.8,45.8,92.8,100.0,98.0,dullness,57.1,85.6,0.918,0.863,general_skincare
FS_0167,26-35,oily,oblong,calm,0.574,15.9,46.0,66.6,35.5,30.9,31.4,89.1,82.1,91.7,pigmentation,83.7,68.7,0.912,0.803,general_skincare
FS_0168,46-60,dry,oval,sad,0.434,20.3,37.5,52.3,21.5,53.0,16.6,81.4,41.1,84.2,none,54.6,54.3,0.872,0.773,hydration_tip
FS_0169,26-35,oily,oval,neutral,0.851,14.8,61.9,70.6,41.3,20.1,36.1,71.6,61.0,76.5,none,77.4,70.3,0.791,0.809,general_skincare
FS_0170,36-45,oily,square,neutral,0.741,17.7,66.3,58.5,12.4,56.4,43.0,77.5,56.5,69.2,sun_damage,74.6,70.0,0.798,0.788,general_skincare
FS_0171,46-60,oily,round,neutral,0.719,17.1,57.1,84.4,22.8,31.1,50.0,56.2,57.7,66.7,dark_circles,71.4,65.0,0.764,0.777,general_skincare
FS_0172,18-25,normal,oblong,happy,0.666,22.1,79.2,45.2,47.0,12.3,12.6,61.5,62.6,68.5,dark_circles,76.3,75.5,0.843,0.778,general_skincare
FS_0173,26-35,dry,oblong,calm,0.755,11.5,38.7,36.6,37.8,48.0,53.6,81.3,49.0,85.7,none,84.3,55.5,0.739,0.794,hydration_tip
FS_0174,46-60,oily,round,happy,0.962,18.1,58.9,73.5,15.7,31.2,41.9,52.6,74.7,76.6,pigmentation,89.2,69.8,0.733,0.714,general_skincare
FS_0175,26-35,dry,oblong,calm,0.744,15.7,47.0,18.4,29.1,35.1,17.7,75.9,53.1,72.3,none,78.1,63.0,0.93,0.758,hydration_tip
FS_0176,18-25,normal,oblong,neutral,0.585,9.2,72.9,45.8,35.0,69.3,24.6,62.8,53.9,75.2,dullness,73.6,62.2,0.776,0.762,sleep_tip
FS_0177,26-35,dry,round,neutral,0.61,17.8,50.6,5.0,47.4,32.6,31.4,86.8,32.8,71.6,none,60.2,50.2,0.854,0.772,hydration_tip
FS_0178,26-35,dry,round,calm,0.778,13.8,40.9,21.6,2.3,33.1,51.3,70.3,55.2,84.2,dullness,90.7,61.7,0.731,0.903,hydration_tip
FS_0179,46-60,normal,square,neutral,0.708,16.1,82.4,49.7,0.5,20.1,35.2,74.3,69.2,89.0,dryness,74.0,76.5,0.86,0.915,general_skincare
FS_0180,46-60,normal,heart,neutral,0.861,14.6,83.7,33.9,50.2,30.4,39.1,65.3,88.0,87.8,none,71.1,77.6,0.857,0.808,general_skincare
FS_0181,36-45,oily,round,stressed,0.777,23.1,69.3,89.3,74.2,42.9,29.3,66.9,78.9,73.4,sun_damage,52.7,60.3,0.952,0.809,sun_or_stress_tip
FS_0182,26-35,dry,heart,happy,0.832,18.4,28.8,18.3,15.4,52.6,23.2,70.2,52.8,71.6,dryness,82.0,54.3,0.827,0.916,hydration_tip
FS_0183,26-35,oily,heart,calm,0.695,14.2,59.7,70.0,9.9,12.4,43.2,52.5,75.1,82.7,redness_flush,89.8,72.6,0.76,0.849,general_skincare
FS_0184,46-60,normal,heart,calm,0.685,12.6,54.1,27.0,19.2,30.5,36.6,64.2,56.8,83.5,dullness,84.0,63.9,0.798,0.732,general_skincare
FS_0185,36-45,dry,oblong,neutral,0.627,18.2,30.6,29.3,31.9,32.0,12.5,71.0,51.2,73.8,dryness,71.9,52.2,0.937,0.775,hydration_tip
FS_0186,46-60,dry,heart,tired,0.26,18.3,55.7,30.5,53.9,76.7,60.0,74.1,61.3,71.5,none,45.3,55.3,0.758,0.931,hydration_tip
FS_0187,18-25,normal,oval,happy,0.862,15.8,81.9,32.8,11.2,42.3,7.5,78.5,75.2,71.7,none,80.4,81.7,0.836,0.704,general_skincare
FS_0188,46-60,normal,oblong,neutral,0.864,16.7,82.3,59.0,64.4,36.0,31.7,87.6,75.4,89.5,none,75.3,71.8,0.87,0.789,sun_or_stress_tip
FS_0189,26-35,oily,heart,neutral,0.489,20.1,62.5,89.2,6.9,46.1,21.5,72.0,66.9,82.9,none,56.2,69.4,0.801,0.873,general_skincare
FS_0190,26-35,oily,round,happy,0.77,5.0,66.2,72.2,9.8,44.8,34.5,65.4,53.9,79.6,none,100.0,67.6,0.872,0.801,general_skincare
FS_0191,36-45,dry,heart,stressed,0.515,23.4,18.4,23.3,28.2,47.9,55.2,69.5,75.2,85.1,dark_circles,52.9,58.2,0.893,0.882,hydration_tip
FS_0192,26-35,normal,oval,tired,0.562,24.8,58.9,60.6,61.7,67.4,13.9,59.9,87.3,98.0,none,39.5,58.7,0.742,0.715,sun_or_stress_tip
FS_0193,46-60,normal,heart,tired,0.526,20.4,46.9,50.1,63.6,42.3,23.5,76.0,70.5,81.7,none,53.1,60.3,0.81,0.937,sun_or_stress_tip
FS_0194,36-45,normal,oval,neutral,0.618,20.0,69.2,52.2,33.0,45.9,23.3,49.7,90.1,80.2,none,54.5,72.7,0.736,0.788,general_skincare
FS_0195,46-60,oily,round,happy,0.663,16.0,56.4,88.7,52.7,53.7,4.0,56.9,38.2,67.3,redness_flush,79.7,49.9,0.839,0.856,general_skincare
FS_0196,46-60,normal,oval,calm,0.798,11.8,69.3,43.0,10.1,39.0,36.2,64.3,58.0,68.7,dryness,90.6,73.4,0.819,0.777,general_skincare
FS_0197,26-35,dry,round,neutral,0.845,11.6,18.1,31.1,34.1,0.0,15.6,55.9,32.5,68.9,none,74.1,52.8,0.963,0.746,hydration_tip
FS_0198,18-25,dry,round,neutral,0.381,13.6,48.3,43.4,42.6,32.3,0.0,82.2,47.8,78.6,none,60.7,58.1,0.816,0.756,hydration_tip
FS_0199,46-60,normal,oval,calm,0.575,14.1,68.3,27.2,24.1,39.7,33.5,69.5,77.9,74.5,none,74.9,70.8,0.863,0.748,general_skincare
FS_0200,46-60,normal,round,sleepy,0.475,21.2,41.9,56.9,41.5,61.8,46.3,49.7,84.4,75.0,sun_damage,40.7,58.2,0.756,0.831,sleep_tip
FS_0201,36-45,oily,round,stressed,0.634,24.0,50.2,66.4,67.1,60.4,25.9,82.9,42.5,72.9,dullness,41.8,44.2,0.762,0.733,sun_or_stress_tip
FS_0202,36-45,normal,oval,sleepy,0.513,26.2,64.8,42.0,20.6,80.0,35.6,64.1,63.4,91.1,dullness,37.0,62.7,0.745,0.949,sleep_tip
FS_0203,18-25,dry,round,neutral,0.677,13.4,26.9,34.1,16.0,41.4,41.7,60.7,80.1,69.1,dullness,70.0,61.2,0.939,0.916,hydration_tip
FS_0204,36-45,dry,oblong,tired,0.408,24.8,35.4,47.2,58.0,72.5,43.1,73.9,54.2,74.7,none,45.9,40.1,0.875,0.848,hydration_tip
FS_0205,36-45,oily,round,sad,0.46,17.0,74.4,62.0,0.0,39.7,42.1,45.7,53.5,80.4,dryness,61.6,74.5,0.737,0.915,general_skincare
FS_0206,46-60,dry,round,happy,0.655,20.3,35.5,46.3,30.9,7.5,35.4,55.1,60.3,75.6,none,72.0,61.7,0.722,0.829,hydration_tip
FS_0207,46-60,oily,oval,calm,0.659,15.4,47.3,72.1,36.3,7.2,37.3,45.0,73.2,69.2,none,83.6,65.2,0.907,0.937,general_skincare
FS_0208,18-25,oily,oval,calm,0.802,13.0,44.5,51.8,49.0,54.9,33.4,58.7,80.5,86.5,dullness,77.1,62.8,0.797,0.776,general_skincare
FS_0209,26-35,oily,round,calm,0.727,18.5,80.8,85.0,32.2,31.2,34.7,64.9,66.1,82.1,none,87.2,72.7,0.948,0.71,general_skincare
FS_0210,18-25,oily,square,tired,0.547,21.7,70.1,67.6,51.4,84.9,23.6,75.8,75.3,70.6,redness_flush,40.6,61.3,0.798,0.811,sleep_tip
FS_0211,36-45,normal,oval,calm,0.555,12.8,75.2,40.4,21.5,39.9,31.3,73.7,65.3,81.3,sun_damage,69.1,68.4,0.946,0.77,general_skincare
FS_0212,18-25,oily,oblong,stressed,0.96,20.8,49.6,86.6,51.6,66.1,27.3,64.4,59.5,70.9,none,66.7,52.3,0.891,0.761,sleep_tip
FS_0213,18-25,normal,oval,calm,0.816,17.1,68.4,50.0,28.5,17.5,47.1,88.6,81.1,74.2,sun_damage,81.2,76.0,0.925,0.876,general_skincare
FS_0214,46-60,oily,round,sleepy,0.678,23.9,73.3,74.2,43.0,85.4,56.3,84.8,82.2,75.2,redness_flush,45.7,62.4,0.732,0.95,sleep_tip
FS_0215,26-35,normal,square,calm,0.856,20.1,68.7,52.2,27.8,1.2,19.5,64.9,62.8,77.6,none,76.5,72.7,0.782,0.719,general_skincare
FS_0216,26-35,normal,round,stressed,0.319,21.0,73.2,58.5,51.7,41.1,43.3,81.1,82.0,73.8,none,40.2,77.9,0.775,0.7,general_skincare
FS_0217,46-60,dry,heart,calm,0.806,17.5,49.1,32.4,11.1,40.3,22.5,85.5,50.8,77.5,redness_flush,75.9,65.8,0.949,0.728,hydration_tip
FS_0218,46-60,oily,round,calm,0.727,13.4,51.1,89.1,53.6,18.3,55.1,70.4,67.0,91.5,sun_damage,83.7,64.1,0.855,0.958,general_skincare
FS_0219,46-60,oily,oval,stressed,0.56,27.0,41.9,77.9,47.8,50.2,28.7,52.5,75.4,77.6,pigmentation,47.9,61.0,0.958,0.716,general_skincare
FS_0220,26-35,oily,square,sad,0.462,21.5,56.9,60.5,18.4,54.7,13.1,31.2,65.5,75.8,pigmentation,45.0,59.9,0.942,0.752,general_skincare
FS_0221,18-25,dry,oval,neutral,0.936,12.6,30.8,35.4,48.8,34.8,9.8,94.7,40.9,81.1,dark_circles,79.0,54.4,0.73,0.771,hydration_tip
FS_0222,18-25,oily,oval,neutral,0.788,20.7,58.4,98.6,30.5,58.7,18.5,100.0,92.0,76.8,dullness,65.0,76.5,0.949,0.931,general_skincare
FS_0223,46-60,normal,heart,neutral,0.71,21.5,74.5,50.6,47.1,44.7,45.7,96.1,63.9,64.4,sun_damage,69.3,73.2,0.87,0.881,general_skincare
FS_0224,26-35,normal,oblong,sleepy,0.364,18.2,40.4,41.8,0.0,80.2,19.3,51.6,71.8,71.4,dark_lips,37.4,60.8,0.817,0.721,sleep_tip
FS_0225,46-60,oily,round,stressed,0.678,22.5,40.8,69.0,49.9,69.1,40.6,56.6,93.1,83.6,none,46.6,55.7,0.854,0.751,sleep_tip
FS_0226,36-45,normal,heart,calm,0.899,12.7,72.6,46.4,34.3,52.2,21.4,46.6,80.4,70.5,sun_damage,79.5,63.9,0.876,0.916,general_skincare
FS_0227,18-25,oily,oval,neutral,0.862,18.4,51.5,88.8,47.3,34.5,42.9,62.2,72.2,83.1,redness_flush,75.9,63.3,0.733,0.804,general_skincare
FS_0228,26-35,dry,round,stressed,0.881,21.6,67.2,24.9,52.9,48.0,19.0,100.0,50.9,75.3,none,51.4,64.9,0.827,0.824,hydration_tip
FS_0229,26-35,normal,square,stressed,0.794,27.5,69.6,73.1,48.6,50.4,24.5,68.6,55.0,63.7,none,57.5,61.6,0.843,0.882,general_skincare
FS_0230,46-60,dry,oblong,calm,0.743,17.6,26.1,27.9,1.5,44.4,41.6,51.2,33.1,81.5,dark_lips,77.3,48.8,0.765,0.812,hydration_tip
FS_0231,18-25,normal,square,stressed,0.47,25.8,75.6,25.5,64.2,66.1,33.8,68.8,74.7,79.5,dryness,41.6,64.0,0.841,0.715,sun_or_stress_tip
FS_0232,46-60,oily,oblong,tired,0.522,21.3,62.3,78.3,47.6,91.2,46.5,55.3,89.1,92.8,dryness,36.7,61.6,0.902,0.911,sleep_tip
FS_0233,18-25,normal,square,tired,0.62,21.1,77.0,55.4,36.3,81.8,40.1,56.7,72.1,79.3,none,51.3,61.9,0.741,0.953,sleep_tip
FS_0234,18-25,dry,round,calm,0.415,12.8,36.1,35.6,25.3,5.5,10.2,72.8,50.9,72.8,dark_lips,69.1,56.2,0.874,0.924,hydration_tip
FS_0235,26-35,oily,oval,calm,0.707,12.1,60.6,72.1,29.2,44.3,9.0,83.9,59.8,97.3,dryness,78.5,70.1,0.744,0.809,general_skincare
FS_0236,18-25,oily,heart,stressed,0.482,21.6,46.5,76.4,63.4,55.6,28.4,93.4,75.9,85.1,none,54.6,58.2,0.752,0.851,sun_or_stress_tip
FS_0237,26-35,dry,square,neutral,0.77,18.0,30.6,31.8,15.1,27.9,27.8,74.2,35.4,87.5,none,70.2,60.8,0.894,0.945,hydration_tip
FS_0238,36-45,oily,round,tired,0.433,19.9,65.6,67.6,65.2,37.4,44.7,66.9,82.0,78.7,dark_circles,44.3,65.7,0.908,0.945,sun_or_stress_tip
FS_0239,26-35,oily,oblong,tired,0.33,23.0,66.0,78.4,28.5,51.0,3.5,62.2,55.9,62.6,none,45.8,65.5,0.765,0.946,general_skincare
FS_0240,46-60,normal,round,tired,0.35,28.4,57.9,57.0,37.8,62.9,18.9,68.6,53.8,62.9,none,38.6,56.8,0.869,0.873,sleep_tip
FS_0241,36-45,oily,heart,calm,0.556,16.9,58.5,93.3,12.7,45.4,42.4,70.7,39.6,73.4,dryness,70.3,66.3,0.839,0.897,general_skincare
FS_0242,36-45,normal,heart,neutral,0.566,16.4,64.2,53.0,21.8,52.9,26.1,34.3,76.2,87.0,dullness,65.7,61.5,0.915,0.823,general_skincare
FS_0243,18-25,oily,oval,happy,0.917,14.5,57.8,73.5,24.2,27.6,0.5,65.4,88.7,69.3,dryness,98.0,72.7,0.725,0.901,general_skincare
FS_0244,46-60,dry,oblong,neutral,0.463,15.7,30.4,29.9,48.5,69.6,39.0,46.7,52.9,78.8,dryness,67.4,44.9,0.756,0.851,hydration_tip
FS_0245,18-25,normal,oval,neutral,0.763,22.7,63.2,62.2,55.4,31.8,16.6,67.5,68.9,87.8,redness_flush,58.6,63.2,0.947,0.702,sun_or_stress_tip
FS_0246,18-25,normal,square,sad,0.815,22.4,68.4,42.8,44.4,61.3,31.3,65.4,68.9,76.7,none,55.5,61.9,0.873,0.796,sleep_tip
FS_0247,36-45,normal,square,happy,0.801,8.7,60.8,61.2,16.5,39.5,25.7,80.9,65.8,75.0,none,99.5,68.7,0.897,0.87,general_skincare
FS_0248,46-60,oily,oval,tired,0.506,23.0,46.3,72.5,48.1,42.9,28.3,75.3,85.5,97.7,dryness,49.1,66.1,0.942,0.742,general_skincare
FS_0249,26-35,normal,heart,calm,0.724,13.2,51.7,35.0,0.0,26.4,16.0,56.5,69.0,81.3,dark_circles,83.6,69.3,0.821,0.701,general_skincare
FS_0250,46-60,normal,oblong,happy,0.961,18.1,74.1,42.8,7.7,26.7,56.1,48.6,55.2,79.1,none,85.8,68.9,0.901,0.702,general_skincare
FS_0251,26-35,oily,oval,tired,0.404,23.6,55.6,70.4,40.7,40.1,32.4,75.4,64.3,87.1,redness_flush,38.6,63.2,0.968,0.902,general_skincare
FS_0252,18-25,oily,oblong,sleepy,0.288,26.6,50.9,86.8,60.5,65.6,35.2,53.8,80.6,79.8,none,32.6,60.5,0.721,0.768,sun_or_stress_tip
FS_0253,36-45,dry,oval,neutral,0.914,20.6,34.2,28.3,29.3,12.7,23.9,62.1,23.5,78.4,none,67.9,52.4,0.834,0.743,hydration_tip
FS_0254,36-45,oily,round,sleepy,0.451,25.4,61.7,66.1,39.1,91.1,16.1,99.4,62.6,78.3,dullness,36.8,56.8,0.786,0.812,sleep_tip
FS_0255,26-35,oily,round,happy,0.737,25.2,82.8,79.6,36.3,26.2,9.3,67.5,80.8,89.8,none,68.2,79.0,0.945,0.735,general_skincare
FS_0256,18-25,normal,square,sad,0.642,20.9,71.9,41.6,40.6,26.3,11.5,56.5,85.1,86.5,pigmentation,60.2,76.8,0.855,0.766,general_skincare
FS_0257,18-25,normal,oval,tired,0.466,19.7,74.5,58.5,30.0,67.0,9.1,35.0,72.8,83.5,none,42.9,64.3,0.965,0.872,sleep_tip
FS_0258,36-45,normal,round,sad,0.461,21.2,58.9,43.5,23.2,49.7,53.0,73.7,68.2,86.7,dark_circles,48.0,64.7,0.781,0.81,general_skincare
FS_0259,36-45,normal,oval,calm,0.577,15.8,74.6,56.2,0.0,15.8,24.8,71.4,76.7,91.5,none,72.0,80.2,0.93,0.705,general_skincare
FS_0260,36-45,oily,round,calm,0.733,16.7,66.5,70.0,39.7,46.1,42.8,79.3,83.8,68.1,none,82.1,72.6,0.848,0.789,general_skincare
FS_0261,18-25,dry,oblong,calm,0.868,16.9,41.6,52.7,23.5,31.5,24.3,65.3,60.8,72.3,pigmentation,86.2,56.3,0.949,0.755,hydration_tip
FS_0262,26-35,normal,square,stressed,0.462,26.4,73.7,37.4,80.0,60.6,17.4,44.0,73.2,77.6,none,39.0,53.7,0.834,0.767,sun_or_stress_tip
FS_0263,36-45,oily,square,neutral,0.739,12.6,61.0,58.0,15.2,47.4,0.0,95.2,81.7,61.5,dryness,70.4,71.0,0.753,0.867,general_skincare
FS_0264,46-60,oily,square,calm,0.902,10.6,81.7,81.0,40.5,51.5,52.6,68.5,87.0,80.3,sun_damage,93.5,70.4,0.891,0.759,general_skincare
FS_0265,36-45,oily,round,calm,0.774,16.1,50.7,40.8,11.7,30.6,35.3,68.9,63.3,98.0,dark_lips,78.7,65.2,0.727,0.798,general_skincare
FS_0266,26-35,dry,round,happy,0.878,16.6,62.8,18.0,26.8,27.9,34.3,88.0,53.0,76.8,dryness,91.5,65.7,0.815,0.723,hydration_tip
FS_0267,36-45,dry,square,tired,0.703,21.5,46.9,17.1,53.1,79.1,26.0,55.2,41.7,77.7,dullness,53.2,50.8,0.969,0.823,hydration_tip
FS_0268,36-45,dry,square,sleepy,0.491,23.8,62.8,10.3,17.5,100.0,27.0,60.6,39.7,88.3,dryness,47.6,52.5,0.722,0.705,hydration_tip
FS_0269,36-45,dry,oblong,stressed,0.686,21.3,34.4,33.2,52.6,61.5,37.4,72.4,45.1,68.4,dark_circles,57.3,44.2,0.785,0.925,hydration_tip
FS_0270,46-60,dry,round,happy,0.745,16.5,45.1,34.3,0.0,35.9,32.0,60.1,63.1,91.2,none,80.1,63.5,0.853,0.864,hydration_tip
FS_0271,36-45,normal,heart,tired,0.322,20.4,65.0,46.7,57.5,66.3,20.6,56.9,88.6,65.1,redness_flush,32.0,58.9,0.882,0.764,sun_or_stress_tip
FS_0272,46-60,dry,round,neutral,0.683,13.7,41.2,23.8,32.7,13.9,44.0,84.2,49.1,83.8,none,66.9,65.2,0.89,0.915,hydration_tip
FS_0273,36-45,normal,heart,sad,0.617,14.9,71.0,57.7,26.8,49.2,29.7,70.3,73.3,72.8,redness_flush,53.0,67.0,0.774,0.841,general_skincare
FS_0274,36-45,normal,round,calm,0.755,10.9,90.5,59.7,25.6,23.6,28.0,77.2,41.5,97.0,dryness,86.6,74.0,0.911,0.755,general_skincare
FS_0275,46-60,oily,oval,sad,0.596,17.6,45.0,80.3,28.3,56.9,40.9,60.9,80.8,72.4,pigmentation,55.3,61.4,0.753,0.842,general_skincare
FS_0276,26-35,oily,oval,tired,0.55,19.7,62.7,68.1,43.8,55.0,42.8,61.7,79.3,66.6,none,52.9,63.8,0.816,0.809,general_skincare
FS_0277,18-25,oily,oblong,tired,0.54,18.1,53.1,79.2,60.4,68.4,25.3,80.3,70.7,83.7,dark_circles,50.7,60.8,0.921,0.788,sun_or_stress_tip
FS_0278,46-60,normal,heart,tired,0.468,13.7,49.9,53.0,39.0,91.3,27.0,65.7,57.6,73.3,dryness,55.1,45.0,0.795,0.875,sleep_tip
FS_0279,46-60,oily,round,calm,0.708,9.4,49.1,83.8,46.4,21.3,49.3,43.2,79.2,70.8,none,83.6,63.1,0.827,0.749,general_skincare
FS_0280,46-60,oily,square,calm,0.639,15.0,57.2,78.9,26.3,40.8,51.9,55.3,82.2,67.3,none,77.7,70.3,0.758,0.774,general_skincare
FS_0281,46-60,oily,round,neutral,0.607,13.5,76.1,91.8,20.1,43.4,39.7,86.6,75.4,77.8,redness_flush,71.3,73.4,0.727,0.805,general_skincare
FS_0282,26-35,normal,oblong,stressed,0.534,24.2,59.9,53.0,53.9,56.3,9.3,58.4,50.9,71.6,dryness,49.4,54.5,0.882,0.779,general_skincare
FS_0283,18-25,dry,square,happy,0.785,20.4,73.1,41.7,23.2,22.1,38.0,46.4,47.6,75.9,sun_damage,77.7,69.8,0.756,0.881,hydration_tip
FS_0284,36-45,oily,round,neutral,0.686,20.4,68.4,66.8,29.5,50.7,53.5,60.7,79.9,81.0,redness_flush,64.1,67.1,0.758,0.908,general_skincare
FS_0285,46-60,oily,oblong,tired,0.512,18.1,51.8,91.9,52.4,70.5,18.9,73.0,84.9,74.6,dullness,54.3,59.9,0.774,0.757,sleep_tip
FS_0286,36-45,normal,oval,sleepy,0.243,24.3,75.8,58.6,33.9,58.3,17.5,55.9,69.3,75.8,dryness,38.9,69.3,0.941,0.823,general_skincare
FS_0287,36-45,oily,heart,neutral,0.68,21.3,69.8,59.2,38.8,34.7,26.2,59.8,94.5,87.4,none,69.6,72.3,0.855,0.909,general_skincare
FS_0288,46-60,normal,round,sleepy,0.419,18.1,65.7,60.7,34.2,80.0,33.2,55.6,68.3,80.8,dark_lips,41.9,62.3,0.798,0.904,sleep_tip
FS_0289,18-25,oily,oblong,sad,0.608,13.8,54.0,76.0,46.5,21.3,51.4,68.3,54.5,66.4,none,50.3,62.2,0.727,0.861,general_skincare
FS_0290,26-35,dry,oblong,tired,0.466,23.0,34.1,27.4,50.7,100.0,37.1,58.1,46.1,73.9,dryness,38.4,37.6,0.888,0.865,hydration_tip
FS_0291,36-45,dry,oblong,happy,0.972,18.6,42.1,25.1,31.1,21.8,0.0,98.6,54.2,81.6,none,81.5,62.9,0.877,0.767,hydration_tip
FS_0292,36-45,dry,square,stressed,0.464,25.6,61.3,39.6,85.0,55.4,47.1,71.5,59.5,69.8,dullness,46.2,54.9,0.968,0.769,hydration_tip
FS_0293,36-45,oily,oblong,tired,0.579,24.7,33.1,75.7,56.8,65.0,35.9,74.9,74.8,75.6,none,43.9,53.9,0.795,0.895,hydration_tip
FS_0294,46-60,oily,round,neutral,0.528,15.5,35.2,61.0,32.1,41.6,42.6,70.0,60.3,77.5,none,59.1,55.6,0.817,0.904,hydration_tip
FS_0295,36-45,oily,square,sleepy,0.373,17.1,60.3,67.8,18.3,96.4,53.5,84.0,80.9,66.9,none,37.4,68.1,0.858,0.919,sleep_tip
FS_0296,18-25,oily,square,happy,1.0,15.9,59.5,73.0,41.1,12.8,53.4,68.3,64.5,86.7,none,91.7,63.7,0.857,0.869,general_skincare
FS_0297,46-60,dry,oval,happy,0.651,16.3,36.2,58.5,29.4,7.5,36.0,77.3,75.4,72.7,dullness,76.8,60.4,0.817,0.815,hydration_tip
FS_0298,36-45,dry,oval,happy,0.846,16.1,44.3,28.5,10.8,45.2,12.4,76.5,60.6,76.0,none,94.2,64.4,0.759,0.759,hydration_tip
FS_0299,26-35,dry,round,neutral,0.756,18.0,53.1,38.8,26.7,27.4,19.0,77.5,47.2,71.2,none,66.9,62.1,0.872,0.749,hydration_tip
FS_0300,46-60,oily,oblong,stressed,0.472,26.7,68.3,86.0,55.3,20.1,22.6,57.7,78.8,74.8,dullness,36.4,73.2,0.767,0.913,sun_or_stress_tip
FS_0301,36-45,dry,round,tired,0.666,14.0,47.5,30.7,28.2,45.7,39.9,72.5,55.6,72.4,dark_circles,56.1,58.7,0.782,0.793,hydration_tip
FS_0302,26-35,oily,square,tired,0.532,23.2,51.0,71.8,44.0,65.5,40.0,100.0,46.1,89.1,pigmentation,40.3,57.2,0.925,0.934,sleep_tip
FS_0303,26-35,oily,heart,neutral,0.587,19.8,47.9,83.7,30.5,0.7,16.4,74.7,64.3,55.1,dryness,60.6,66.8,0.738,0.79,general_skincare
FS_0304,46-60,dry,heart,neutral,0.771,17.3,68.8,17.4,21.4,13.9,21.5,80.0,74.4,85.4,none,63.0,76.7,0.944,0.878,hydration_tip
FS_0305,18-25,oily,oval,tired,0.302,14.3,65.6,100.0,46.5,94.8,42.0,62.7,87.7,73.7,none,52.7,58.3,0.882,0.927,sleep_tip
FS_0306,26-35,oily,square,happy,0.823,19.4,62.3,56.7,61.7,36.0,32.7,64.7,85.6,68.2,none,76.1,60.7,0.772,0.908,sun_or_stress_tip
FS_0307,46-60,oily,oval,sad,0.613,22.8,67.9,90.7,44.8,39.6,47.0,45.9,60.4,90.5,none,57.3,62.9,0.787,0.764,general_skincare
FS_0308,46-60,oily,oblong,stressed,0.436,22.9,63.7,66.4,55.0,26.2,52.0,73.1,74.3,82.4,none,53.4,68.4,0.857,0.923,sun_or_stress_tip
FS_0309,36-45,oily,square,happy,0.643,15.0,73.0,87.8,13.2,27.1,35.9,79.3,83.7,81.5,redness_flush,80.6,81.6,0.822,0.775,general_skincare
FS_0310,36-45,dry,round,stressed,0.56,22.5,41.1,38.2,60.2,41.6,15.2,72.1,52.6,82.1,dryness,63.1,54.3,0.792,0.833,hydration_tip
FS_0311,18-25,dry,round,calm,0.536,13.0,38.0,48.1,20.9,0.0,0.0,70.5,60.6,81.4,sun_damage,77.8,66.7,0.823,0.787,hydration_tip
FS_0312,36-45,dry,square,calm,0.523,14.0,41.4,29.4,25.9,13.2,22.1,49.0,71.1,75.3,redness_flush,65.1,60.8,0.765,0.726,hydration_tip
FS_0313,46-60,oily,oblong,sleepy,0.248,22.8,63.2,84.9,73.6,36.0,47.1,62.2,61.8,72.4,redness_flush,36.4,57.9,0.817,0.784,sun_or_stress_tip
FS_0314,26-35,normal,oval,calm,0.902,9.7,52.0,21.9,14.5,30.6,26.5,72.1,50.2,85.2,dark_lips,88.7,65.2,0.959,0.72,general_skincare
FS_0315,46-60,oily,oblong,sleepy,0.243,19.2,52.4,67.7,59.3,63.9,19.3,53.3,67.4,61.6,none,45.8,51.8,0.912,0.754,sun_or_stress_tip
FS_0316,18-25,dry,square,neutral,0.562,15.6,10.0,37.3,27.4,0.0,3.1,64.1,33.6,85.1,none,69.5,48.7,0.814,0.935,hydration_tip
FS_0317,26-35,normal,oblong,calm,0.656,11.7,63.0,34.5,28.2,40.3,35.2,68.1,98.0,88.3,none,89.8,70.5,0.9,0.924,general_skincare
FS_0318,46-60,oily,square,tired,0.242,20.1,57.9,95.0,54.4,58.7,43.8,81.6,71.2,72.7,pigmentation,36.6,58.6,0.963,0.906,general_skincare
FS_0319,26-35,dry,heart,tired,0.554,13.5,56.2,40.4,40.6,77.6,32.9,68.4,32.8,86.7,none,53.8,54.3,0.739,0.85,hydration_tip
FS_0320,26-35,oily,square,tired,0.372,19.7,59.2,100.0,26.8,89.2,20.2,41.8,62.9,88.6,dark_lips,40.5,59.4,0.741,0.941,sleep_tip
FS_0321,26-35,dry,oval,tired,0.585,23.0,50.7,13.8,15.9,46.9,11.2,91.8,66.0,73.9,none,41.8,68.0,0.921,0.773,hydration_tip
FS_0322,18-25,normal,oblong,happy,0.87,13.0,77.7,42.9,18.1,55.8,27.7,65.5,80.6,65.9,dark_circles,89.4,73.4,0.819,0.868,general_skincare
FS_0323,36-45,normal,round,sleepy,0.333,24.1,83.1,45.6,30.4,41.8,33.8,45.6,68.4,86.9,dryness,29.7,64.1,0.791,0.814,general_skincare
FS_0324,46-60,oily,oval,sad,0.58,16.1,53.9,71.5,13.3,16.7,28.0,72.7,51.1,78.1,dullness,60.4,73.1,0.722,0.767,general_skincare
FS_0325,26-35,dry,heart,calm,0.75,13.5,20.3,30.4,49.4,26.2,16.3,69.2,36.5,67.5,pigmentation,76.4,48.4,0.77,0.949,hydration_tip
FS_0326,26-35,oily,oblong,calm,0.992,14.4,63.9,76.4,11.7,39.0,29.7,60.8,76.1,73.4,none,87.1,71.2,0.751,0.839,general_skincare
FS_0327,36-45,dry,oblong,happy,0.625,15.7,45.8,30.3,49.5,71.6,48.1,86.5,87.6,68.9,none,87.4,62.9,0.739,0.78,hydration_tip
FS_0328,36-45,oily,square,neutral,0.642,18.9,58.9,91.8,1.1,31.6,49.0,77.9,94.8,67.0,redness_flush,64.7,76.5,0.835,0.768,general_skincare
FS_0329,36-45,normal,round,neutral,0.811,15.1,58.8,44.7,31.6,43.0,4.2,56.5,64.3,70.8,dryness,62.5,56.1,0.815,0.831,general_skincare
FS_0330,36-45,normal,square,happy,0.876,18.8,69.8,49.4,17.2,18.2,12.4,66.5,81.0,90.2,dark_lips,85.4,71.9,0.816,0.907,general_skincare
FS_0331,36-45,normal,square,neutral,0.647,17.7,68.3,44.8,29.2,44.8,45.5,70.6,78.7,74.2,dryness,57.5,72.1,0.722,0.815,general_skincare
FS_0332,26-35,dry,oblong,tired,0.762,19.1,46.5,38.2,59.2,63.8,0.0,73.7,53.8,74.9,dark_lips,59.6,49.8,0.83,0.917,hydration_tip
FS_0333,36-45,dry,oval,tired,0.401,24.8,37.7,42.9,57.5,54.8,0.0,43.4,40.7,95.0,pigmentation,39.6,49.5,0.846,0.842,hydration_tip
FS_0334,18-25,normal,oblong,stressed,0.645,23.7,59.3,48.9,74.4,80.5,29.4,80.6,73.8,77.2,pigmentation,45.8,57.8,0.942,0.711,sun_or_stress_tip
FS_0335,36-45,oily,heart,sleepy,0.081,21.2,55.7,62.1,23.7,85.9,26.2,74.8,65.0,71.2,dark_lips,31.4,53.8,0.896,0.718,sleep_tip
FS_0336,36-45,normal,square,sad,0.54,17.2,85.9,73.4,28.4,29.5,30.9,84.5,55.6,76.1,none,61.3,77.4,0.859,0.868,general_skincare
FS_0337,46-60,dry,square,stressed,0.671,21.7,45.5,25.1,51.8,81.1,55.7,71.9,19.7,74.8,dryness,49.3,43.3,0.889,0.865,hydration_tip
FS_0338,46-60,dry,square,calm,0.653,13.2,26.2,19.3,42.2,46.3,61.0,70.1,55.8,88.4,dullness,82.5,50.7,0.792,0.81,hydration_tip
FS_0339,46-60,oily,round,neutral,0.468,18.0,61.8,84.0,40.1,66.3,12.2,53.2,79.3,68.0,sun_damage,62.2,57.0,0.828,0.793,sleep_tip
FS_0340,18-25,normal,round,stressed,0.386,25.5,57.3,55.5,44.4,77.2,11.5,35.5,59.0,75.6,none,48.3,55.6,0.774,0.748,sleep_tip
FS_0341,46-60,normal,square,neutral,0.817,17.2,69.3,49.9,53.9,33.0,45.0,78.6,74.9,74.9,none,72.8,71.0,0.938,0.96,general_skincare
FS_0342,18-25,dry,oval,calm,0.723,9.1,50.6,25.3,4.1,4.8,41.5,64.7,68.7,92.1,none,86.4,76.5,0.844,0.874,hydration_tip
FS_0343,26-35,dry,oblong,happy,0.733,16.7,30.3,38.1,32.6,33.4,11.6,77.3,39.8,71.8,dullness,88.5,52.1,0.887,0.841,hydration_tip
FS_0344,46-60,normal,round,calm,0.663,17.4,54.5,58.0,27.4,43.9,29.6,61.1,77.9,77.9,pigmentation,65.2,64.7,0.78,0.905,general_skincare
FS_0345,18-25,oily,heart,sleepy,0.419,23.4,46.5,87.4,31.4,90.4,13.9,49.6,66.6,80.1,dark_circles,35.5,51.9,0.927,0.916,sleep_tip
FS_0346,36-45,oily,oblong,happy,0.796,16.1,49.4,85.7,38.0,43.7,36.2,78.4,63.8,96.5,dullness,79.1,62.2,0.778,0.849,general_skincare
FS_0347,46-60,normal,oblong,sad,0.621,15.9,79.7,48.0,38.3,13.5,44.7,61.1,93.1,83.6,sun_damage,62.9,82.9,0.9,0.876,general_skincare
FS_0348,36-45,dry,oval,sad,0.771,16.0,32.4,28.5,34.5,41.7,46.1,74.3,38.0,82.7,dullness,61.5,53.5,0.932,0.901,hydration_tip
FS_0349,46-60,normal,round,sad,0.657,16.8,66.8,62.8,29.7,42.0,28.5,73.8,58.0,89.6,redness_flush,53.2,66.2,0.945,0.895,general_skincare
FS_0350,46-60,oily,square,stressed,0.723,24.5,43.7,68.8,68.6,72.6,37.3,55.4,84.8,84.3,none,55.7,55.7,0.922,0.749,sun_or_stress_tip
FS_0351,26-35,normal,oval,calm,0.796,17.5,62.1,58.0,42.0,8.6,20.5,86.5,60.9,82.8,none,84.1,70.2,0.961,0.719,general_skincare
FS_0352,36-45,normal,oval,calm,0.916,22.4,67.9,68.6,13.4,19.5,46.9,81.3,92.5,82.2,none,80.7,83.2,0.89,0.808,general_skincare
FS_0353,36-45,normal,oblong,calm,0.673,16.0,68.8,42.1,39.7,38.3,32.7,69.8,66.2,72.3,dark_circles,80.5,61.5,0.756,0.881,general_skincare
FS_0354,18-25,dry,heart,neutral,0.769,17.3,40.0,17.5,31.1,49.8,7.8,71.2,55.3,71.5,sun_damage,74.7,51.9,0.761,0.891,hydration_tip
FS_0355,46-60,oily,oblong,tired,0.638,20.2,58.6,88.0,68.2,79.5,39.5,76.5,65.9,78.3,none,55.5,54.4,0.885,0.862,sun_or_stress_tip
FS_0356,46-60,normal,heart,neutral,0.519,21.3,81.8,46.8,36.8,34.5,49.3,58.6,88.8,84.3,dark_circles,59.8,77.7,0.94,0.703,general_skincare
FS_0357,46-60,oily,oblong,tired,0.48,25.1,46.4,95.2,49.9,70.5,31.5,64.9,76.0,85.6,none,45.8,54.2,0.967,0.782,sleep_tip
FS_0358,26-35,dry,round,neutral,0.685,11.2,36.5,35.3,57.0,16.8,0.0,51.7,67.8,61.9,dullness,71.9,55.4,0.815,0.807,hydration_tip
FS_0359,46-60,dry,oblong,neutral,0.436,12.8,30.2,25.0,61.2,43.8,36.4,87.3,31.7,73.6,redness_flush,66.4,43.3,0.874,0.916,hydration_tip
FS_0360,26-35,oily,heart,neutral,0.718,14.1,66.1,70.0,13.2,38.6,0.0,90.6,81.2,81.0,dark_circles,63.7,79.8,0.963,0.75,general_skincare
FS_0361,26-35,normal,heart,calm,0.905,16.7,58.4,62.0,39.5,32.6,24.4,65.8,62.4,66.0,dark_circles,83.0,63.1,0.861,0.828,general_skincare
FS_0362,46-60,oily,square,tired,0.373,15.3,58.1,61.6,36.0,89.9,56.0,69.5,68.8,94.9,none,48.8,61.6,0.915,0.897,sleep_tip
FS_0363,18-25,normal,heart,happy,0.725,20.5,80.5,47.7,45.3,0.0,36.9,54.3,94.7,68.4,redness_flush,75.9,80.1,0.912,0.855,general_skincare
FS_0364,26-35,oily,square,happy,1.0,17.1,53.4,49.5,50.8,8.5,9.9,65.4,89.8,85.0,sun_damage,92.7,68.2,0.927,0.938,general_skincare
FS_0365,46-60,normal,round,calm,0.647,13.6,95.0,38.8,23.8,20.7,22.4,75.9,70.5,86.2,none,79.6,82.7,0.788,0.909,general_skincare
FS_0366,18-25,oily,square,sleepy,0.342,17.9,66.0,84.0,56.5,68.3,31.8,83.8,59.4,69.8,none,39.3,56.6,0.834,0.936,sun_or_stress_tip
FS_0367,36-45,normal,heart,calm,0.715,12.0,71.3,40.3,27.4,21.4,20.1,85.5,35.4,83.0,none,79.9,70.5,0.944,0.829,general_skincare
FS_0368,18-25,oily,oval,stressed,0.807,22.9,65.4,82.3,60.3,42.4,43.6,62.8,59.8,85.9,pigmentation,56.0,61.2,0.787,0.711,sun_or_stress_tip
FS_0369,26-35,oily,heart,sleepy,0.305,25.9,80.0,73.0,20.4,69.5,32.7,73.6,86.7,84.0,dark_circles,34.3,70.3,0.935,0.732,sleep_tip
FS_0370,18-25,normal,oblong,calm,0.491,14.2,93.7,29.5,0.0,4.0,38.5,85.7,62.8,84.1,dullness,64.0,90.6,0.958,0.794,general_skincare
FS_0371,26-35,normal,heart,neutral,0.856,8.2,81.4,44.8,18.9,25.7,5.5,61.4,54.9,79.6,none,82.9,75.2,0.83,0.852,general_skincare
FS_0372,46-60,normal,square,sleepy,0.439,22.6,51.9,44.2,57.2,88.2,42.4,64.6,69.8,74.6,none,35.5,55.0,0.763,0.838,sun_or_stress_tip
FS_0373,26-35,normal,oblong,sad,0.49,16.9,76.5,42.0,28.3,39.8,51.4,97.0,90.5,76.9,none,56.9,73.6,0.855,0.775,general_skincare
FS_0374,46-60,dry,square,tired,0.487,19.2,34.3,32.1,55.2,56.8,18.4,60.5,37.4,83.3,dark_lips,49.5,43.6,0.898,0.8,hydration_tip
FS_0375,46-60,normal,square,stressed,0.442,12.6,70.9,49.5,56.2,53.5,21.1,77.9,80.3,67.2,dark_lips,54.8,67.6,0.737,0.959,sun_or_stress_tip
FS_0376,26-35,oily,square,calm,0.744,17.6,68.8,72.1,0.5,11.4,17.2,52.6,86.0,67.4,none,75.0,78.4,0.822,0.944,general_skincare
FS_0377,26-35,dry,square,sleepy,0.456,22.7,54.7,26.9,23.2,94.0,29.8,60.7,45.0,72.0,dark_circles,41.8,47.5,0.751,0.853,hydration_tip
FS_0378,18-25,oily,square,calm,0.499,16.1,56.3,64.4,30.5,24.5,43.7,82.2,96.7,73.7,dark_circles,70.0,73.9,0.919,0.94,general_skincare
FS_0379,46-60,oily,round,sad,0.708,17.1,73.2,81.9,9.7,70.8,61.3,82.4,59.3,75.2,none,62.6,75.1,0.847,0.81,sleep_tip
FS_0380,26-35,dry,round,calm,0.841,17.1,37.9,31.3,29.3,38.7,23.1,83.0,72.1,75.1,none,88.6,61.6,0.874,0.868,hydration_tip
FS_0381,18-25,oily,oblong,happy,1.0,5.9,52.0,71.9,51.9,37.6,32.5,87.6,67.5,83.9,none,100.0,56.7,0.736,0.915,general_skincare
FS_0382,26-35,normal,heart,stressed,0.577,19.6,70.2,35.6,34.6,40.2,17.6,56.2,88.6,95.0,none,57.2,72.4,0.933,0.843,general_skincare
FS_0383,26-35,normal,round,tired,0.471,24.4,63.1,60.2,54.7,89.2,14.4,68.8,97.3,75.8,dullness,32.4,68.3,0.763,0.759,sleep_tip
FS_0384,46-60,oily,oblong,tired,0.583,14.9,80.7,84.3,24.2,84.4,47.0,69.5,59.9,82.9,none,46.1,68.2,0.935,0.949,sleep_tip
FS_0385,46-60,normal,round,neutral,0.805,15.4,65.1,61.5,0.0,43.1,33.0,80.0,77.2,71.7,dark_circles,86.0,72.3,0.723,0.734,general_skincare
FS_0386,46-60,oily,oval,sleepy,0.055,22.7,51.2,63.4,48.5,91.3,39.6,67.4,70.9,72.1,none,18.6,54.2,0.916,0.875,sleep_tip
FS_0387,36-45,dry,square,sleepy,0.284,25.2,37.1,33.7,47.8,89.8,41.0,92.4,58.2,79.2,none,36.3,44.6,0.724,0.757,hydration_tip
FS_0388,26-35,oily,oblong,happy,0.811,17.7,61.1,100.0,22.1,36.9,21.6,35.5,67.3,69.6,none,85.2,63.6,0.955,0.748,general_skincare
FS_0389,46-60,normal,oblong,stressed,0.548,20.8,46.9,39.7,65.1,40.8,34.4,76.5,77.3,68.3,redness_flush,46.8,61.6,0.959,0.94,sun_or_stress_tip
FS_0390,36-45,oily,oblong,calm,0.915,14.8,49.0,79.7,53.8,26.1,0.0,79.1,74.9,78.8,none,80.0,58.4,0.855,0.784,general_skincare
FS_0391,26-35,normal,round,tired,0.507,24.4,80.4,55.1,24.0,94.6,46.2,70.9,50.7,64.0,none,38.1,65.3,0.89,0.717,sleep_tip
FS_0392,18-25,normal,round,neutral,0.777,18.2,95.0,35.7,4.3,31.7,1.5,49.1,56.0,69.7,dark_lips,72.1,74.7,0.885,0.776,general_skincare
FS_0393,36-45,oily,oval,sleepy,0.348,24.3,34.7,47.4,40.2,79.9,69.0,72.2,81.5,76.2,redness_flush,43.5,61.0,0.812,0.805,hydration_tip
FS_0394,36-45,dry,heart,sleepy,0.39,23.3,69.6,25.4,34.6,58.7,32.2,55.6,40.6,61.7,dullness,36.3,59.2,0.91,0.833,hydration_tip
FS_0395,18-25,normal,square,stressed,0.663,25.7,52.9,38.3,40.5,12.4,31.0,66.3,75.6,78.3,pigmentation,54.7,67.8,0.872,0.857,general_skincare
FS_0396,36-45,dry,heart,calm,0.772,9.0,17.1,6.9,28.9,20.2,28.7,61.8,32.1,73.9,dullness,83.8,41.4,0.771,0.74,hydration_tip
FS_0397,18-25,dry,heart,tired,0.48,19.1,65.9,50.0,27.0,76.9,36.2,61.6,31.1,77.9,none,43.4,53.1,0.757,0.804,hydration_tip
FS_0398,36-45,oily,oval,neutral,0.726,12.9,69.1,54.8,21.3,33.9,15.5,62.1,96.2,70.3,none,74.6,74.0,0.814,0.716,general_skincare
FS_0399,18-25,dry,oval,stressed,0.476,21.4,42.4,7.3,58.3,79.1,27.3,65.9,43.3,86.1,dullness,54.0,45.4,0.728,0.767,hydration_tip
FS_0400,36-45,normal,round,sleepy,0.507,26.3,86.1,61.5,44.4,53.7,20.9,66.5,70.7,90.6,sun_damage,37.7,65.5,0.74,0.723,general_skincare
FS_0401,36-45,oily,oval,calm,0.627,12.3,74.4,83.4,36.5,27.5,40.2,81.9,78.4,72.1,pigmentation,73.6,72.0,0.824,0.892,general_skincare
FS_0402,46-60,normal,round,stressed,0.679,26.1,64.8,36.2,50.1,40.6,43.9,46.9,78.3,76.9,none,48.2,67.4,0.923,0.783,general_skincare
FS_0403,46-60,dry,heart,tired,0.69,20.9,45.1,20.4,46.5,56.5,7.5,51.5,52.3,67.8,none,61.2,50.0,0.757,0.844,hydration_tip
FS_0404,18-25,normal,square,tired,0.45,19.9,81.3,44.2,59.4,47.4,35.2,93.0,84.1,61.2,dark_circles,44.0,72.7,0.816,0.839,sun_or_stress_tip
FS_0405,36-45,oily,heart,tired,0.672,18.7,66.3,76.2,40.1,58.5,49.6,72.2,71.4,72.7,dark_lips,57.3,62.8,0.903,0.943,general_skincare
FS_0406,26-35,normal,square,sad,0.585,15.5,54.0,47.9,26.3,60.8,12.1,73.3,48.0,75.5,pigmentation,59.9,59.1,0.894,0.809,sleep_tip
FS_0407,18-25,dry,heart,sleepy,0.546,26.1,38.8,25.8,36.8,85.1,31.0,63.4,22.9,84.0,none,39.5,40.6,0.745,0.771,hydration_tip
FS_0408,46-60,oily,round,neutral,0.774,11.4,50.1,76.1,30.6,49.1,24.3,63.4,77.1,58.2,dark_lips,74.3,61.6,0.827,0.751,general_skincare
FS_0409,26-35,normal,square,happy,0.75,16.8,68.9,52.0,22.1,35.1,26.8,71.8,70.5,97.6,redness_flush,81.4,76.1,0.818,0.759,general_skincare
FS_0410,46-60,oily,oval,calm,0.784,13.5,60.1,71.0,44.7,17.0,52.7,61.8,58.0,71.7,pigmentation,84.1,64.6,0.789,0.914,general_skincare
FS_0411,36-45,normal,oval,sleepy,0.208,24.1,81.7,40.4,42.7,53.7,43.8,71.8,79.3,83.4,dryness,28.7,67.5,0.89,0.858,general_skincare
FS_0412,46-60,oily,oblong,calm,0.863,19.8,46.0,93.7,38.1,15.2,34.3,91.2,48.2,90.4,redness_flush,82.9,66.3,0.867,0.766,general_skincare
FS_0413,18-25,dry,oval,calm,0.588,15.2,63.2,30.4,55.0,12.3,5.8,55.6,51.1,98.0,dullness,71.0,60.2,0.885,0.938,hydration_tip
FS_0414,36-45,normal,square,sad,0.389,20.7,80.3,55.7,29.3,32.0,58.9,70.5,57.3,75.1,none,40.2,68.5,0.928,0.818,general_skincare
FS_0415,26-35,dry,square,sleepy,0.355,19.2,20.2,8.3,33.0,100.0,0.0,79.8,42.5,75.0,pigmentation,42.8,39.6,0.951,0.922,hydration_tip
FS_0416,36-45,normal,oval,calm,0.674,17.8,65.7,55.3,18.5,38.6,23.3,70.5,83.7,82.2,redness_flush,72.7,73.3,0.771,0.788,general_skincare
FS_0417,46-60,normal,heart,sleepy,0.579,21.5,80.1,52.3,29.3,70.4,41.3,58.0,82.1,77.1,pigmentation,53.5,69.3,0.76,0.732,sleep_tip
FS_0418,36-45,oily,oblong,calm,0.778,13.7,66.8,64.8,25.6,39.0,0.0,99.7,66.0,59.8,dullness,93.9,68.2,0.96,0.932,general_skincare
FS_0419,26-35,dry,round,sad,0.597,18.2,51.8,17.9,1.8,50.5,29.2,90.9,34.2,88.4,dryness,47.8,67.5,0.869,0.708,hydration_tip
FS_0420,36-45,normal,oblong,tired,0.346,14.9,81.3,20.7,36.9,100.0,24.8,54.3,69.2,77.5,sun_damage,55.4,64.1,0.859,0.728,sleep_tip
FS_0421,26-35,normal,oval,tired,0.449,22.0,56.8,36.0,50.3,60.9,12.2,61.0,79.8,72.3,dryness,43.7,59.4,0.748,0.876,sleep_tip
FS_0422,46-60,dry,heart,neutral,0.593,13.3,72.3,11.2,29.0,57.6,45.9,63.4,35.3,79.2,dryness,74.4,59.3,0.87,0.824,hydration_tip
FS_0423,18-25,dry,heart,calm,0.792,15.7,25.9,20.2,46.0,32.1,0.0,82.4,29.6,75.2,pigmentation,84.7,54.3,0.853,0.769,hydration_tip
FS_0424,46-60,normal,square,tired,0.449,24.0,65.9,68.6,65.3,62.7,36.8,69.7,69.9,69.5,redness_flush,47.9,55.3,0.848,0.736,sun_or_stress_tip
FS_0425,26-35,dry,oblong,calm,0.771,9.0,37.9,41.9,34.7,34.0,34.3,62.0,42.1,89.4,sun_damage,83.6,52.0,0.847,0.879,hydration_tip
FS_0426,26-35,oily,oval,sleepy,0.42,28.0,56.9,78.8,45.3,54.7,13.4,80.2,70.5,79.1,none,40.3,62.3,0.954,0.919,general_skincare
FS_0427,46-60,dry,round,neutral,0.515,15.3,77.3,36.7,65.5,60.3,41.6,74.2,51.5,62.4,dark_lips,73.0,58.4,0.843,0.929,hydration_tip
FS_0428,18-25,oily,oval,calm,0.899,11.7,68.4,51.2,46.8,7.7,11.9,79.5,73.8,86.1,dark_circles,86.0,75.6,0.83,0.886,general_skincare
FS_0429,46-60,oily,square,sad,0.818,16.4,72.5,77.7,33.6,62.4,50.7,65.2,77.4,82.1,none,66.4,70.1,0.748,0.842,sleep_tip
FS_0430,36-45,oily,round,calm,1.0,16.9,64.8,83.1,46.1,34.5,37.2,55.2,83.8,75.9,none,78.7,70.7,0.732,0.929,general_skincare
FS_0431,26-35,oily,oblong,tired,0.556,21.2,48.8,93.2,26.6,19.5,32.7,45.3,57.9,73.3,dark_circles,49.2,56.5,0.869,0.723,general_skincare
FS_0432,36-45,normal,heart,happy,0.687,15.8,49.8,55.6,56.5,74.7,26.4,81.0,45.1,91.5,sun_damage,78.6,54.4,0.86,0.715,sun_or_stress_tip
FS_0433,18-25,normal,heart,calm,0.612,18.6,55.3,35.4,11.4,40.2,15.7,51.1,61.5,77.7,sun_damage,68.0,67.6,0.918,0.931,general_skincare
FS_0434,36-45,oily,heart,calm,0.689,17.2,69.4,72.3,6.5,48.4,23.6,94.2,38.6,79.8,dryness,80.5,68.7,0.95,0.912,general_skincare
FS_0435,26-35,dry,square,happy,0.957,12.5,30.8,33.6,64.1,30.9,40.7,55.8,57.1,74.8,dullness,88.1,50.6,0.959,0.756,hydration_tip
FS_0436,46-60,oily,square,neutral,0.684,18.3,50.1,77.6,43.6,29.2,27.4,59.2,51.2,85.7,none,67.3,53.8,0.791,0.794,general_skincare
FS_0437,26-35,normal,oblong,happy,0.902,14.6,50.2,23.4,48.9,39.9,26.3,63.8,62.6,68.3,dark_circles,80.7,56.3,0.756,0.709,general_skincare
FS_0438,46-60,normal,square,happy,0.659,20.4,73.2,45.7,40.9,9.4,38.9,45.0,74.8,80.3,pigmentation,69.1,73.4,0.805,0.861,general_skincare
FS_0439,36-45,normal,square,stressed,0.701,22.6,63.1,42.2,42.0,73.6,26.2,76.9,60.7,73.7,sun_damage,47.3,55.8,0.753,0.945,sleep_tip
FS_0440,36-45,dry,oval,tired,0.565,25.1,24.1,24.5,54.1,84.4,60.2,71.4,51.2,64.0,dark_circles,41.5,38.9,0.837,0.805,hydration_tip
FS_0441,46-60,normal,round,neutral,0.555,20.6,48.3,41.1,42.6,37.1,54.9,41.5,65.5,90.0,none,63.2,61.4,0.886,0.774,general_skincare
FS_0442,18-25,normal,oval,neutral,0.832,18.5,60.9,54.7,20.1,42.4,6.2,70.4,86.7,75.3,sun_damage,74.3,64.9,0.76,0.765,general_skincare
FS_0443,26-35,normal,oblong,neutral,0.775,16.1,60.0,29.7,24.9,52.4,10.9,73.5,68.3,72.4,dullness,79.7,59.1,0.891,0.869,general_skincare
FS_0444,36-45,dry,round,stressed,0.362,24.3,36.7,28.1,72.2,43.2,0.0,98.6,38.0,68.5,dark_circles,32.1,44.5,0.912,0.754,hydration_tip
FS_0445,46-60,dry,round,happy,0.623,14.4,42.4,10.9,39.4,34.2,46.0,70.0,35.9,78.0,none,76.4,59.2,0.84,0.83,hydration_tip
FS_0446,36-45,normal,heart,happy,0.927,17.9,68.7,34.7,19.2,43.5,18.0,56.5,99.4,91.7,none,80.0,75.0,0.798,0.918,general_skincare
FS_0447,36-45,dry,oval,sleepy,0.244,26.1,54.2,35.8,32.1,80.7,24.7,56.3,41.8,84.3,none,31.1,47.8,0.72,0.889,hydration_tip
FS_0448,46-60,normal,oblong,tired,0.382,24.1,83.8,46.9,27.8,58.6,43.4,97.5,46.3,78.9,none,34.7,68.5,0.818,0.881,general_skincare
FS_0449,36-45,oily,heart,sad,0.547,18.3,63.7,93.6,27.8,39.0,48.4,75.6,67.3,82.4,none,56.6,66.2,0.837,0.779,general_skincare
FS_0450,36-45,normal,square,sleepy,0.26,23.3,61.6,56.4,47.0,98.1,5.6,61.2,88.2,65.4,pigmentation,27.7,58.8,0.965,0.929,sleep_tip
FS_0451,26-35,oily,oblong,happy,0.881,12.6,67.1,78.3,21.3,49.1,18.5,89.0,77.5,86.6,pigmentation,100.0,73.2,0.74,0.846,general_skincare
FS_0452,18-25,dry,round,tired,0.711,23.4,25.6,42.3,29.4,78.3,34.4,93.3,44.5,71.3,dryness,58.5,45.6,0.864,0.914,hydration_tip
FS_0453,46-60,oily,oval,neutral,0.699,15.6,59.4,77.8,21.3,23.7,31.3,73.3,78.4,85.7,redness_flush,72.3,71.0,0.775,0.924,general_skincare
FS_0454,46-60,dry,oblong,tired,0.565,20.5,45.4,26.9,43.5,79.8,10.1,86.0,49.5,92.6,none,53.0,52.1,0.937,0.857,hydration_tip
FS_0455,36-45,oily,round,tired,0.454,19.9,57.2,64.2,51.8,73.9,19.0,83.6,58.6,67.4,none,31.7,56.8,0.853,0.792,sleep_tip
FS_0456,46-60,oily,oblong,tired,0.583,23.8,44.1,84.7,62.9,98.4,81.0,57.4,100.0,74.8,redness_flush,48.1,50.9,0.804,0.848,sun_or_stress_tip
FS_0457,18-25,normal,oval,sleepy,0.367,27.3,49.8,29.3,21.0,76.6,52.1,82.2,78.3,77.3,dullness,32.0,57.4,0.866,0.946,sleep_tip
FS_0458,46-60,normal,square,neutral,0.735,14.3,49.1,43.1,46.6,51.7,44.2,67.6,62.8,76.6,pigmentation,77.3,61.8,0.728,0.862,general_skincare
FS_0459,46-60,dry,round,neutral,0.854,19.1,43.7,36.0,14.2,53.5,17.8,75.0,52.5,62.1,sun_damage,75.9,57.7,0.806,0.932,hydration_tip
FS_0460,46-60,normal,round,neutral,0.707,17.0,61.2,75.3,25.5,24.2,38.8,67.5,65.5,94.9,dryness,67.8,67.6,0.949,0.84,general_skincare
FS_0461,26-35,oily,oval,stressed,0.544,22.5,73.8,89.4,58.4,78.5,32.6,86.2,58.0,72.1,dark_circles,57.3,65.3,0.824,0.897,sun_or_stress_tip
FS_0462,26-35,dry,oval,calm,0.717,7.4,23.1,21.3,8.9,13.3,60.2,79.9,15.9,75.2,none,77.1,51.6,0.889,0.865,hydration_tip
FS_0463,26-35,dry,oval,calm,0.748,14.1,51.7,13.8,29.7,31.0,11.9,97.3,49.5,76.8,dark_circles,81.8,60.5,0.75,0.869,hydration_tip
FS_0464,46-60,dry,heart,happy,0.876,15.8,61.7,11.8,40.2,40.7,55.3,70.9,64.5,75.8,none,88.3,63.8,0.824,0.76,hydration_tip
FS_0465,26-35,dry,square,happy,0.942,15.3,38.1,42.4,22.1,30.3,11.2,93.6,66.7,76.6,dryness,78.7,61.4,0.736,0.898,hydration_tip
FS_0466,26-35,dry,square,sleepy,0.341,29.9,23.4,11.2,33.7,100.0,22.0,67.4,31.8,86.5,none,27.7,39.8,0.906,0.956,hydration_tip
FS_0467,36-45,oily,round,calm,0.585,15.3,45.0,61.9,18.6,20.2,29.9,76.5,71.1,75.4,sun_damage,71.3,66.1,0.943,0.954,general_skincare
FS_0468,46-60,dry,square,calm,0.634,15.3,56.0,39.1,25.5,22.2,52.2,79.4,43.3,70.8,dryness,81.2,62.1,0.833,0.952,hydration_tip
FS_0469,36-45,oily,square,tired,0.486,14.8,72.8,65.3,23.6,68.5,18.9,73.5,77.3,76.0,pigmentation,53.4,70.2,0.773,0.77,sleep_tip
FS_0470,26-35,normal,round,sad,0.576,16.0,48.6,37.6,0.0,33.4,30.4,69.3,100.0,74.7,pigmentation,51.4,68.2,0.969,0.819,general_skincare
FS_0471,36-45,normal,round,happy,0.759,12.7,70.9,38.3,31.1,11.5,35.3,98.3,64.1,76.8,dark_lips,92.3,72.4,0.732,0.701,general_skincare
FS_0472,26-35,oily,heart,neutral,0.692,16.3,36.3,100.0,40.9,22.3,28.5,51.2,63.1,64.7,none,75.4,55.5,0.865,0.723,hydration_tip
FS_0473,18-25,oily,oval,happy,0.694,19.3,76.0,68.6,29.3,37.8,20.1,76.3,69.9,75.7,dryness,75.8,69.2,0.829,0.719,general_skincare
FS_0474,46-60,dry,heart,sleepy,0.438,20.6,34.7,29.6,26.7,93.0,29.1,42.7,33.8,66.9,pigmentation,35.2,40.8,0.969,0.828,hydration_tip
FS_0475,26-35,oily,oval,calm,0.789,18.2,34.9,66.1,18.5,15.0,1.8,75.9,89.4,77.9,dryness,74.4,63.7,0.962,0.858,hydration_tip
FS_0476,46-60,dry,square,neutral,0.614,17.3,44.9,25.5,39.2,39.4,35.0,64.2,55.3,65.8,dark_circles,68.3,52.7,0.789,0.825,hydration_tip
FS_0477,26-35,oily,round,sleepy,0.323,26.2,54.9,79.0,38.4,61.2,38.4,69.1,50.6,70.0,dryness,21.9,53.8,0.91,0.922,sleep_tip
FS_0478,46-60,oily,square,calm,0.819,10.0,65.6,71.7,6.9,12.2,27.7,63.8,53.2,80.7,dark_circles,86.7,71.8,0.812,0.81,general_skincare
FS_0479,46-60,oily,square,happy,1.0,12.3,63.8,86.7,27.2,6.9,34.0,78.8,78.2,78.0,redness_flush,92.4,77.9,0.741,0.858,general_skincare
FS_0480,18-25,normal,oval,sad,0.444,15.2,71.7,35.9,29.6,27.8,0.3,80.3,84.4,72.3,dark_circles,56.4,66.2,0.859,0.785,general_skincare
FS_0481,26-35,normal,round,tired,0.554,14.4,63.5,53.9,42.1,77.9,26.7,68.1,67.7,87.8,redness_flush,60.6,60.9,0.734,0.855,sleep_tip
FS_0482,36-45,oily,square,happy,0.672,25.4,60.9,65.8,43.0,42.3,22.2,81.8,58.4,73.6,dark_circles,79.3,57.1,0.882,0.719,general_skincare
FS_0483,36-45,normal,heart,happy,0.556,18.8,68.4,56.5,30.1,32.1,4.5,82.7,54.8,70.5,dark_circles,67.9,66.9,0.946,0.934,general_skincare
FS_0484,36-45,normal,square,happy,0.739,20.3,67.8,51.1,51.0,70.5,30.1,66.9,71.0,78.9,none,82.5,64.8,0.88,0.829,sleep_tip
FS_0485,26-35,normal,oblong,stressed,0.515,24.7,51.3,46.6,67.2,34.2,22.2,81.2,78.2,67.6,dark_lips,50.1,61.9,0.943,0.767,sun_or_stress_tip
FS_0486,26-35,oily,oblong,tired,0.574,21.1,52.4,63.2,52.4,43.9,39.9,76.3,49.6,79.1,dryness,57.2,57.9,0.796,0.877,general_skincare
FS_0487,36-45,normal,square,neutral,0.794,19.7,64.5,33.6,4.6,36.3,10.4,73.5,65.7,95.5,dark_circles,69.9,73.8,0.8,0.933,general_skincare
FS_0488,46-60,dry,oval,calm,0.531,16.1,51.1,34.3,39.9,42.8,65.7,71.5,77.9,69.5,none,71.8,60.5,0.774,0.753,hydration_tip
FS_0489,36-45,oily,oblong,sleepy,0.591,21.1,65.2,77.1,32.0,72.6,10.9,64.6,51.2,73.1,dark_lips,49.8,56.2,0.922,0.952,sleep_tip
FS_0490,36-45,normal,oval,happy,0.759,13.9,62.1,59.4,23.0,34.2,18.8,85.6,61.8,81.6,dark_lips,83.0,65.4,0.769,0.703,general_skincare
FS_0491,46-60,normal,square,calm,0.823,13.4,74.2,39.0,30.8,28.3,31.7,70.7,55.2,80.8,pigmentation,85.1,73.1,0.756,0.828,general_skincare
FS_0492,26-35,oily,square,sleepy,0.398,17.6,84.6,59.8,30.2,71.5,53.7,51.5,97.8,84.8,none,37.9,74.8,0.805,0.885,sleep_tip
FS_0493,46-60,normal,oblong,neutral,0.575,20.0,77.5,32.4,53.4,37.6,51.3,53.0,63.6,81.7,dark_circles,52.3,65.6,0.949,0.884,general_skincare
FS_0494,36-45,normal,square,sad,0.621,17.2,68.3,61.6,0.0,30.8,53.1,87.0,78.3,68.6,none,51.1,82.4,0.956,0.956,general_skincare
FS_0495,46-60,oily,heart,calm,0.784,8.5,49.6,89.0,5.5,15.7,22.7,75.6,83.5,86.7,dullness,87.7,71.5,0.752,0.881,general_skincare
FS_0496,46-60,dry,round,tired,0.649,21.8,43.0,21.2,60.7,59.7,36.5,63.4,53.5,90.8,dryness,56.8,54.5,0.843,0.923,hydration_tip
FS_0497,26-35,normal,round,calm,0.952,16.7,71.0,44.5,33.2,30.1,13.7,65.7,57.9,78.1,sun_damage,75.4,69.0,0.902,0.96,general_skincare
FS_0498,18-25,oily,round,neutral,0.623,10.5,46.9,77.2,27.3,48.0,22.1,59.8,74.8,98.0,redness_flush,72.8,62.9,0.903,0.767,general_skincare
FS_0499,46-60,normal,oblong,neutral,1.0,11.3,67.4,24.9,38.9,55.1,59.6,72.6,43.2,77.5,none,88.7,60.4,0.778,0.701,general_skincare
FS_0500,26-35,normal,heart,calm,0.822,10.1,59.5,48.7,28.4,17.4,32.1,69.5,33.9,72.9,none,84.9,59.5,0.813,0.754,general_skincare
FS_0501,46-60,normal,round,happy,0.908,17.0,66.3,47.9,18.3,11.9,48.8,66.3,74.6,63.0,none,94.7,72.2,0.799,0.836,general_skincare
FS_0502,36-45,normal,round,neutral,0.545,15.5,59.6,53.2,9.0,9.9,19.8,80.2,55.6,85.6,pigmentation,56.6,74.4,0.795,0.756,general_skincare
FS_0503,18-25,oily,oval,stressed,0.703,21.8,60.4,70.5,63.3,32.9,32.5,79.2,71.6,92.8,dark_lips,60.7,65.7,0.868,0.782,sun_or_stress_tip
FS_0504,46-60,dry,square,happy,0.826,18.8,47.9,24.0,18.7,0.0,39.0,85.9,53.5,77.2,none,81.4,69.2,0.835,0.847,hydration_tip
FS_0505,18-25,dry,oval,happy,0.768,22.6,32.3,26.1,26.2,22.8,32.7,100.0,47.5,82.6,none,78.0,62.2,0.73,0.8,hydration_tip
FS_0506,26-35,oily,round,sleepy,0.411,28.7,44.1,100.0,11.8,64.2,12.5,66.2,58.1,69.7,redness_flush,33.4,55.8,0.732,0.787,sleep_tip
FS_0507,46-60,oily,square,stressed,0.647,23.7,57.2,82.2,82.7,57.2,35.0,53.4,36.5,79.2,dark_circles,60.7,46.2,0.833,0.868,sun_or_stress_tip
FS_0508,18-25,normal,round,happy,0.737,8.8,81.7,35.3,38.2,42.3,30.0,76.6,88.8,70.9,none,91.8,79.3,0.944,0.835,general_skincare
FS_0509,26-35,normal,round,neutral,0.533,16.0,63.5,62.8,51.5,17.3,45.4,88.7,70.3,86.4,dark_circles,66.6,72.1,0.89,0.846,general_skincare
FS_0510,36-45,dry,heart,calm,0.596,20.0,37.6,31.3,21.7,23.5,28.2,59.8,49.2,76.1,none,74.0,59.6,0.905,0.813,hydration_tip
FS_0511,36-45,normal,round,calm,0.891,19.2,58.2,34.2,32.4,38.2,31.0,41.8,57.9,77.7,dark_lips,83.0,60.7,0.86,0.854,general_skincare
FS_0512,46-60,oily,heart,calm,0.677,11.6,64.3,61.8,0.0,46.5,21.0,59.5,81.6,78.6,redness_flush,85.6,74.0,0.875,0.733,general_skincare
FS_0513,18-25,dry,square,sleepy,0.297,26.5,70.4,30.9,43.3,82.8,0.9,64.2,44.8,85.5,none,30.4,54.3,0.736,0.804,hydration_tip
FS_0514,36-45,dry,square,sleepy,0.268,19.3,26.8,47.5,50.1,51.4,41.2,87.1,51.4,73.6,dryness,46.9,50.7,0.846,0.853,hydration_tip
FS_0515,36-45,normal,oval,calm,0.756,14.8,52.4,32.5,30.8,29.3,25.7,74.0,42.9,87.1,pigmentation,79.5,61.1,0.856,0.788,general_skincare
FS_0516,46-60,normal,square,neutral,0.553,19.2,66.6,50.6,15.4,40.6,31.6,59.3,80.3,64.2,pigmentation,58.2,72.6,0.894,0.932,general_skincare
FS_0517,46-60,oily,round,happy,0.719,16.5,42.0,82.6,29.2,44.6,45.8,64.3,58.2,68.3,pigmentation,78.8,51.4,0.828,0.751,general_skincare
FS_0518,18-25,normal,oblong,sad,0.462,14.3,84.9,46.5,14.6,64.7,32.6,80.3,58.2,81.4,dullness,56.4,72.5,0.891,0.705,sleep_tip
FS_0519,46-60,oily,square,tired,0.39,22.8,36.2,83.6,44.3,63.9,13.5,48.2,64.4,67.9,dark_lips,43.1,48.7,0.829,0.919,hydration_tip
FS_0520,46-60,dry,oval,happy,0.86,10.6,37.6,31.6,38.0,53.9,32.1,90.7,42.8,90.0,none,90.7,58.9,0.807,0.94,hydration_tip
FS_0521,26-35,oily,heart,sleepy,0.477,22.5,77.6,72.0,11.9,69.0,20.0,51.2,78.2,90.8,redness_flush,40.4,65.5,0.87,0.813,sleep_tip
FS_0522,46-60,dry,heart,happy,0.837,12.4,57.5,34.0,42.5,17.5,21.3,86.6,35.8,79.3,dark_circles,89.9,64.9,0.932,0.864,hydration_tip
FS_0523,46-60,dry,square,stressed,0.497,23.1,33.2,26.3,55.3,38.0,45.0,67.0,70.8,72.2,dryness,43.1,56.7,0.853,0.916,hydration_tip
FS_0524,46-60,oily,square,sad,0.579,17.2,63.9,61.8,27.6,54.3,38.5,88.9,80.8,77.9,dark_lips,51.6,72.6,0.795,0.95,general_skincare
FS_0525,26-35,dry,oval,neutral,0.657,20.1,47.1,14.5,28.9,32.6,0.0,60.3,49.4,77.0,dullness,71.1,54.9,0.891,0.768,hydration_tip
FS_0526,26-35,oily,round,neutral,0.572,19.0,75.9,84.7,43.8,29.7,1.0,90.9,98.8,91.9,none,54.5,76.6,0.863,0.945,general_skincare
FS_0527,46-60,oily,square,tired,0.508,26.1,50.2,76.8,17.2,57.2,43.1,80.4,77.8,59.7,dark_lips,35.4,59.8,0.721,0.942,general_skincare
FS_0528,46-60,normal,round,sad,0.461,16.8,77.1,53.4,51.0,54.7,65.7,77.6,84.9,75.1,dark_lips,64.2,70.0,0.833,0.727,general_skincare
FS_0529,26-35,dry,oblong,tired,0.562,21.0,49.3,28.8,48.6,55.0,33.6,83.9,69.1,96.1,dark_lips,47.9,61.4,0.824,0.766,hydration_tip
FS_0530,46-60,dry,heart,neutral,0.567,17.0,32.1,39.2,17.3,36.2,52.1,60.0,57.8,69.2,sun_damage,69.8,57.8,0.845,0.706,hydration_tip
FS_0531,46-60,normal,oval,sad,0.469,24.2,64.4,71.9,23.7,59.3,48.5,64.6,71.0,91.0,none,47.4,63.2,0.957,0.909,general_skincare
FS_0532,26-35,normal,oval,sad,0.608,18.9,61.5,62.1,15.3,22.2,8.9,84.5,76.4,89.8,dullness,45.7,74.6,0.806,0.809,general_skincare
FS_0533,26-35,oily,oblong,happy,0.833,13.2,70.5,85.0,30.3,51.2,24.0,66.1,98.0,80.7,none,86.6,69.0,0.738,0.745,general_skincare
FS_0534,18-25,dry,square,happy,0.76,11.6,36.6,42.2,44.6,31.5,24.0,67.7,55.3,78.9,none,81.7,49.9,0.874,0.839,hydration_tip
FS_0535,36-45,oily,square,neutral,0.756,14.3,68.3,68.9,34.9,30.3,36.2,57.3,59.4,82.9,none,73.8,66.4,0.742,0.734,general_skincare
FS_0536,18-25,oily,oblong,tired,0.526,17.5,74.0,55.9,27.9,94.8,18.5,51.6,73.1,73.7,none,47.2,59.8,0.91,0.716,sleep_tip
FS_0537,26-35,normal,oval,calm,0.769,19.5,60.7,43.3,0.0,26.5,33.7,74.0,61.3,85.6,dark_lips,85.2,71.7,0.797,0.956,general_skincare
FS_0538,18-25,oily,oval,calm,0.781,17.1,57.1,70.0,32.4,52.0,15.8,66.5,70.4,84.2,none,81.5,64.3,0.879,0.767,general_skincare
FS_0539,36-45,oily,heart,happy,0.689,13.5,59.6,63.2,36.3,43.5,46.0,45.2,83.9,86.4,dullness,76.3,71.4,0.826,0.92,general_skincare
FS_0540,46-60,normal,oblong,calm,0.869,14.7,66.4,29.6,20.7,12.0,31.0,54.6,63.7,74.3,none,99.3,72.5,0.913,0.848,general_skincare
FS_0541,46-60,dry,oblong,neutral,0.742,15.2,37.6,21.6,37.5,32.6,46.9,61.3,59.0,84.3,dark_lips,77.9,58.3,0.763,0.703,hydration_tip
FS_0542,46-60,dry,oval,tired,0.215,22.5,38.1,29.0,37.3,77.3,47.2,70.6,53.4,79.3,dark_circles,42.0,50.8,0.948,0.704,hydration_tip
FS_0543,46-60,normal,oval,sleepy,0.385,22.4,48.2,36.0,51.8,78.9,66.6,55.5,69.6,88.5,none,35.1,54.1,0.96,0.815,sleep_tip
FS_0544,46-60,dry,heart,sad,0.326,18.0,37.5,25.9,32.7,58.3,63.3,60.3,62.8,84.4,dryness,44.4,54.5,0.934,0.888,hydration_tip
FS_0545,46-60,normal,heart,neutral,0.721,18.3,64.3,45.5,29.6,31.6,49.7,55.0,59.1,79.1,none,63.0,64.1,0.849,0.883,general_skincare
FS_0546,26-35,dry,square,happy,0.737,14.2,35.9,39.9,35.5,2.7,38.2,77.2,58.4,86.0,sun_damage,89.9,63.1,0.759,0.736,hydration_tip
FS_0547,46-60,oily,oblong,stressed,0.734,23.5,54.8,70.7,52.5,55.7,23.2,48.0,55.1,81.4,dark_lips,60.3,53.9,0.922,0.873,general_skincare
FS_0548,18-25,oily,oval,stressed,0.443,17.2,54.5,75.4,65.6,65.1,18.8,68.8,59.4,78.8,dryness,53.9,55.5,0.913,0.837,sun_or_stress_tip
FS_0549,46-60,dry,square,neutral,0.726,16.9,40.8,31.1,38.1,18.0,59.5,44.0,42.4,77.2,redness_flush,62.2,60.7,0.783,0.949,hydration_tip
FS_0550,36-45,normal,square,stressed,0.624,27.7,75.0,42.8,36.9,56.4,15.6,88.1,67.7,88.8,redness_flush,47.1,67.3,0.922,0.742,general_skincare
FS_0551,46-60,oily,heart,sad,0.677,20.9,74.5,76.5,12.6,45.3,46.9,71.2,75.1,90.3,dullness,54.2,77.0,0.82,0.846,general_skincare
FS_0552,18-25,oily,square,tired,0.347,20.1,56.7,82.1,36.9,72.0,18.7,70.6,76.3,91.3,dullness,41.1,60.9,0.737,0.815,sleep_tip
FS_0553,26-35,dry,square,sleepy,0.52,20.0,37.4,38.8,45.7,67.4,22.8,63.9,49.6,69.3,redness_flush,49.0,46.1,0.827,0.748,hydration_tip
FS_0554,36-45,normal,square,neutral,0.752,18.1,59.5,33.5,23.1,62.5,38.3,62.3,63.8,69.6,dryness,72.3,56.6,0.888,0.821,sleep_tip
FS_0555,46-60,dry,oval,calm,0.794,13.9,36.2,35.2,12.6,31.8,19.7,100.0,42.4,83.8,dark_circles,87.5,63.6,0.826,0.94,hydration_tip
FS_0556,46-60,normal,oval,calm,0.767,7.9,74.5,53.4,0.0,52.4,44.9,87.4,46.0,74.3,none,87.8,68.1,0.886,0.877,general_skincare
FS_0557,36-45,dry,oval,stressed,0.573,22.1,43.5,39.7,47.1,49.6,53.0,84.8,55.0,98.0,dark_circles,44.8,59.3,0.733,0.951,hydration_tip
FS_0558,18-25,dry,round,neutral,0.62,14.1,28.0,41.6,24.3,42.8,0.0,84.0,60.2,65.9,dryness,65.2,61.5,0.721,0.876,hydration_tip
FS_0559,46-60,oily,oval,happy,0.96,15.7,32.8,73.8,31.5,16.8,49.0,49.5,68.1,64.7,sun_damage,93.4,58.3,0.911,0.71,hydration_tip
FS_0560,18-25,oily,heart,neutral,0.661,16.2,58.3,76.9,40.4,49.2,46.3,72.3,46.7,85.7,dryness,75.4,59.6,0.878,0.763,general_skincare
FS_0561,46-60,oily,heart,sleepy,0.331,22.6,73.4,56.9,20.0,91.5,59.8,60.8,93.1,86.8,dark_circles,37.4,68.7,0.881,0.956,sleep_tip
FS_0562,18-25,dry,square,sleepy,0.243,17.6,39.3,39.0,47.8,76.4,24.5,96.7,60.0,77.2,none,32.2,49.2,0.837,0.957,hydration_tip
FS_0563,36-45,dry,oblong,neutral,0.745,14.2,60.7,39.9,9.8,20.8,22.3,79.5,34.0,75.0,none,73.6,67.2,0.755,0.853,hydration_tip
FS_0564,46-60,oily,oblong,calm,0.945,17.3,53.0,77.7,38.6,36.3,63.0,58.9,83.7,74.2,sun_damage,81.6,65.7,0.736,0.75,general_skincare
FS_0565,26-35,normal,oval,calm,0.791,8.0,75.1,41.4,17.1,34.5,47.8,67.2,86.5,65.0,none,84.3,76.3,0.809,0.773,general_skincare
FS_0566,46-60,normal,oblong,neutral,0.691,19.1,79.5,65.8,26.5,31.6,9.3,98.6,75.1,84.8,dryness,64.1,79.6,0.866,0.892,general_skincare
FS_0567,18-25,dry,oblong,calm,0.763,20.9,23.2,20.8,37.3,33.4,27.7,56.6,43.7,89.2,sun_damage,70.1,49.0,0.786,0.848,hydration_tip
FS_0568,26-35,dry,round,stressed,0.709,19.4,43.9,39.7,26.9,48.7,16.6,60.2,57.4,88.1,sun_damage,57.2,57.2,0.864,0.915,hydration_tip
FS_0569,46-60,normal,round,calm,0.775,16.4,58.3,42.5,22.4,3.5,12.7,61.6,77.3,72.1,sun_damage,77.1,75.4,0.774,0.736,general_skincare
FS_0570,46-60,normal,heart,tired,0.405,18.9,73.0,58.1,6.4,84.6,28.2,68.6,89.9,76.1,dark_circles,44.7,70.6,0.905,0.755,sleep_tip
FS_0571,18-25,oily,oblong,calm,0.811,17.0,50.6,62.8,48.3,31.9,31.0,76.2,53.2,91.5,sun_damage,83.0,60.9,0.74,0.805,general_skincare
FS_0572,46-60,oily,square,calm,0.779,18.2,54.3,85.2,39.3,26.6,44.1,66.9,54.3,71.3,none,78.5,62.1,0.798,0.739,general_skincare
FS_0573,36-45,oily,oblong,stressed,0.648,26.6,76.2,92.9,47.6,25.3,15.5,83.7,64.5,77.8,redness_flush,54.0,63.4,0.968,0.779,general_skincare
FS_0574,46-60,normal,square,sad,0.606,21.4,59.4,57.6,37.8,52.6,57.7,62.5,67.4,78.9,dullness,51.5,62.0,0.846,0.742,general_skincare
FS_0575,26-35,oily,round,stressed,0.51,23.2,66.3,82.6,47.4,38.5,34.9,59.9,70.8,79.1,dark_lips,42.3,69.8,0.876,0.829,general_skincare
FS_0576,18-25,normal,oval,tired,0.723,27.4,65.7,26.6,4.9,58.2,22.0,88.2,82.1,80.0,dark_lips,46.3,75.1,0.897,0.956,general_skincare
FS_0577,46-60,oily,round,happy,0.827,12.4,65.8,81.1,13.9,17.5,48.3,66.7,92.2,82.5,dryness,99.4,79.3,0.9,0.911,general_skincare
FS_0578,46-60,normal,oblong,stressed,0.704,20.2,66.0,44.7,61.8,69.5,40.8,72.6,70.1,85.3,none,66.3,57.8,0.884,0.816,sun_or_stress_tip
FS_0579,36-45,oily,square,neutral,0.673,12.7,63.9,59.9,0.0,54.1,30.8,82.3,59.7,82.2,dark_lips,70.5,67.7,0.907,0.803,general_skincare
FS_0580,18-25,dry,square,neutral,0.551,18.6,33.4,49.5,53.2,47.7,45.4,70.9,62.7,91.3,none,62.5,50.3,0.908,0.712,hydration_tip
FS_0581,26-35,normal,oblong,sleepy,0.303,22.9,50.7,68.4,51.0,49.7,12.0,68.1,70.5,71.8,none,36.6,61.5,0.946,0.936,general_skincare
FS_0582,46-60,normal,oblong,neutral,0.711,21.3,55.8,39.6,46.4,14.4,29.9,59.8,48.1,76.3,dullness,66.3,61.6,0.911,0.795,general_skincare
FS_0583,46-60,dry,oblong,happy,0.787,15.7,47.4,33.9,43.0,40.7,56.1,87.0,54.4,96.7,dark_circles,81.2,64.1,0.873,0.898,hydration_tip
FS_0584,36-45,normal,oblong,calm,0.635,13.3,71.9,62.7,42.6,34.6,21.7,62.2,78.9,70.6,dullness,76.7,68.0,0.754,0.765,general_skincare
FS_0585,36-45,dry,oval,sleepy,0.304,29.2,44.6,51.3,31.7,100.0,34.2,59.5,41.3,64.9,dark_circles,26.4,39.7,0.894,0.714,hydration_tip
FS_0586,36-45,dry,heart,neutral,0.672,13.6,49.6,45.0,26.7,24.4,27.7,70.0,35.0,73.5,dark_circles,65.5,60.1,0.934,0.96,hydration_tip
FS_0587,36-45,oily,oval,tired,0.444,18.2,52.8,62.6,14.6,56.8,34.4,73.3,52.4,74.3,none,48.5,63.7,0.963,0.904,general_skincare
FS_0588,18-25,oily,oblong,neutral,0.495,17.3,69.8,73.2,0.0,43.5,34.0,61.8,61.9,98.0,none,63.4,72.5,0.915,0.736,general_skincare
FS_0589,36-45,normal,oval,tired,0.519,16.7,82.9,59.6,35.6,82.1,68.0,55.2,77.8,95.9,none,55.2,69.8,0.919,0.95,sleep_tip
FS_0590,26-35,oily,round,tired,0.509,20.6,65.7,89.7,20.9,69.1,24.2,72.8,69.8,69.2,dark_lips,45.5,66.1,0.932,0.925,sleep_tip
FS_0591,18-25,normal,oblong,sleepy,0.594,26.0,77.3,26.2,23.7,46.4,13.5,81.1,64.5,87.7,dryness,42.6,73.6,0.773,0.811,general_skincare
FS_0592,18-25,oily,oblong,sad,0.566,17.9,53.6,66.5,43.0,50.7,28.9,89.9,67.3,74.5,dark_circles,50.8,62.4,0.945,0.883,general_skincare
FS_0593,26-35,oily,oval,sleepy,0.273,19.1,40.1,77.8,52.4,69.0,2.4,81.8,93.6,72.2,sun_damage,35.9,60.2,0.833,0.954,sleep_tip
FS_0594,26-35,normal,oval,calm,0.935,13.2,52.0,55.6,37.0,28.1,16.6,83.9,77.4,71.1,none,85.0,66.9,0.739,0.792,general_skincare
FS_0595,18-25,oily,oblong,tired,0.384,21.1,54.9,65.6,42.4,73.8,19.9,83.0,73.7,66.4,dullness,38.5,60.4,0.8,0.899,sleep_tip
FS_0596,46-60,dry,oblong,tired,0.487,22.2,48.5,51.2,31.8,59.7,25.2,55.0,37.3,61.3,none,45.3,49.1,0.831,0.865,hydration_tip
FS_0597,46-60,dry,oblong,stressed,0.603,24.7,46.5,23.6,64.4,37.0,9.9,80.0,47.1,69.2,redness_flush,43.4,51.2,0.789,0.907,hydration_tip
FS_0598,26-35,oily,round,neutral,0.827,11.2,71.6,100.0,33.8,47.6,40.6,66.1,72.6,66.2,sun_damage,85.5,68.4,0.893,0.766,general_skincare
FS_0599,18-25,oily,oval,calm,0.967,14.5,60.4,75.2,12.7,54.0,17.1,54.2,63.7,60.0,none,84.6,60.4,0.898,0.865,general_skincare
FS_0600,46-60,normal,round,neutral,0.619,14.9,57.3,48.7,59.7,13.4,7.1,73.8,78.0,78.5,none,67.0,67.4,0.948,0.83,sun_or_stress_tip
FS_0601,46-60,oily,oblong,neutral,0.765,16.4,53.6,88.5,23.8,39.0,51.5,55.9,54.3,90.2,pigmentation,71.2,57.4,0.79,0.799,general_skincare
FS_0602,36-45,oily,round,sleepy,0.397,25.0,69.5,85.5,32.4,69.7,73.2,83.3,57.1,78.9,none,35.2,61.5,0.86,0.88,sleep_tip
FS_0603,46-60,normal,square,neutral,0.785,19.4,58.3,29.8,43.2,71.5,51.9,43.6,62.7,76.2,dark_circles,70.7,54.7,0.796,0.795,sleep_tip
FS_0604,18-25,oily,round,calm,0.647,19.6,47.4,78.2,25.1,0.0,28.6,48.4,78.9,67.3,dark_lips,75.1,70.9,0.728,0.82,general_skincare
FS_0605,46-60,normal,oval,neutral,0.56,10.3,66.3,59.1,22.8,14.9,29.2,74.6,87.4,75.7,none,73.7,77.3,0.788,0.8,general_skincare
FS_0606,26-35,normal,heart,calm,0.867,18.3,53.9,63.0,29.4,8.7,51.4,68.2,42.8,71.6,none,78.6,60.5,0.732,0.946,general_skincare
FS_0607,46-60,oily,oblong,sleepy,0.522,18.7,65.4,95.7,32.3,75.1,23.5,62.8,91.9,84.7,none,56.1,67.8,0.945,0.745,sleep_tip
FS_0608,26-35,oily,round,tired,0.553,23.0,77.0,81.0,49.8,66.7,32.0,85.3,72.5,73.3,sun_damage,51.7,64.8,0.743,0.834,sleep_tip
FS_0609,46-60,dry,oval,neutral,0.865,21.7,51.3,28.9,30.3,50.2,32.1,43.6,58.9,67.8,dryness,70.3,56.0,0.942,0.847,hydration_tip
FS_0610,46-60,oily,round,stressed,0.848,21.7,57.9,68.2,42.6,32.8,39.5,42.4,66.6,87.5,redness_flush,59.8,64.8,0.797,0.764,general_skincare
FS_0611,26-35,oily,square,calm,0.821,21.5,75.5,48.0,20.4,6.5,39.1,70.1,78.5,74.5,dullness,75.3,80.9,0.84,0.806,general_skincare
FS_0612,18-25,oily,round,neutral,0.833,19.9,70.0,100.0,34.2,61.1,18.9,77.6,63.0,82.3,pigmentation,70.4,66.7,0.76,0.891,sleep_tip
FS_0613,46-60,dry,heart,tired,0.601,25.6,32.6,44.4,58.1,33.6,39.7,73.2,73.3,80.6,dark_circles,42.5,60.7,0.811,0.822,hydration_tip
FS_0614,46-60,dry,round,neutral,0.728,15.7,38.6,23.5,28.8,51.4,43.0,77.0,59.0,86.0,dark_lips,68.9,61.0,0.771,0.878,hydration_tip
FS_0615,26-35,oily,oblong,neutral,0.702,10.5,63.5,74.7,47.0,27.2,22.0,85.7,89.4,71.9,sun_damage,72.1,73.8,0.924,0.818,general_skincare
FS_0616,36-45,oily,square,sleepy,0.487,23.8,54.5,61.4,27.7,54.2,49.4,87.1,82.8,98.0,dark_lips,38.6,64.5,0.869,0.765,general_skincare
FS_0617,46-60,dry,oval,stressed,0.64,23.3,26.2,31.7,43.9,55.1,27.5,57.3,51.8,63.4,sun_damage,62.9,43.4,0.831,0.885,hydration_tip
FS_0618,36-45,dry,heart,sleepy,0.257,25.9,35.8,28.1,46.2,100.0,45.9,72.9,36.3,88.5,none,28.5,43.4,0.903,0.712,hydration_tip
FS_0619,46-60,oily,round,neutral,0.826,20.6,56.0,71.1,29.7,40.3,33.5,84.0,50.1,71.6,none,71.4,63.6,0.89,0.851,general_skincare
FS_0620,36-45,normal,oval,neutral,0.585,15.9,80.5,59.2,34.3,21.2,19.3,71.4,90.4,62.0,redness_flush,65.7,71.3,0.777,0.819,general_skincare
FS_0621,36-45,normal,heart,tired,0.573,26.3,79.2,32.4,55.5,95.7,50.3,53.0,67.3,86.6,pigmentation,43.4,59.2,0.956,0.744,sun_or_stress_tip
FS_0622,26-35,oily,square,neutral,0.718,14.6,38.4,90.8,32.5,29.7,10.5,72.4,77.2,80.9,dullness,68.4,59.8,0.859,0.931,hydration_tip
FS_0623,36-45,normal,round,stressed,0.446,21.6,71.3,61.1,62.4,58.0,40.1,92.4,90.8,59.6,none,59.5,70.5,0.786,0.758,sun_or_stress_tip
FS_0624,26-35,dry,heart,tired,0.575,28.0,56.8,46.9,53.2,89.6,54.9,73.0,30.0,75.2,none,52.4,50.6,0.859,0.888,hydration_tip
FS_0625,36-45,oily,heart,sleepy,0.454,18.0,54.4,99.3,32.7,88.5,33.5,65.7,67.8,79.5,none,43.6,54.7,0.874,0.733,sleep_tip
FS_0626,36-45,normal,round,tired,0.527,20.4,70.4,50.4,62.1,69.0,42.3,52.3,69.3,91.1,none,44.8,61.2,0.838,0.829,sun_or_stress_tip
FS_0627,18-25,oily,square,happy,0.792,16.7,57.9,96.5,15.1,29.0,1.4,75.2,54.4,75.5,pigmentation,84.1,66.0,0.917,0.782,general_skincare
FS_0628,26-35,oily,square,happy,0.746,19.6,58.5,60.6,9.0,23.3,37.5,89.6,47.7,81.4,none,79.4,66.1,0.927,0.743,general_skincare
FS_0629,18-25,dry,oval,sleepy,0.61,24.8,44.1,34.6,23.4,38.6,36.9,44.9,67.7,84.8,none,50.2,60.4,0.84,0.715,hydration_tip
FS_0630,26-35,oily,round,calm,0.736,19.0,65.8,48.0,20.6,35.6,13.0,57.7,59.5,75.2,redness_flush,73.3,64.1,0.79,0.768,general_skincare
FS_0631,46-60,normal,square,sleepy,0.414,19.7,60.3,38.3,51.4,76.7,13.0,90.3,65.4,83.9,dark_circles,33.0,60.0,0.836,0.81,sleep_tip
FS_0632,46-60,dry,oval,calm,0.73,9.0,32.0,32.0,16.9,16.8,36.9,74.8,31.9,83.0,dryness,74.6,54.5,0.849,0.845,hydration_tip
FS_0633,18-25,dry,oblong,neutral,0.663,21.4,34.8,32.6,3.0,39.6,21.1,53.4,57.6,71.3,dark_circles,58.0,58.4,0.866,0.956,hydration_tip
FS_0634,36-45,dry,oblong,calm,0.658,11.8,75.9,57.9,33.7,39.5,12.8,53.4,47.2,78.0,dark_lips,80.7,63.5,0.881,0.929,hydration_tip
FS_0635,46-60,oily,square,calm,0.71,16.5,50.3,56.7,25.3,9.7,54.7,79.0,59.4,82.1,dark_circles,70.4,66.7,0.901,0.933,general_skincare
FS_0636,26-35,normal,square,stressed,0.567,22.1,73.4,62.2,58.9,72.0,35.4,67.2,77.9,74.1,none,56.5,62.7,0.851,0.897,sun_or_stress_tip
FS_0637,26-35,normal,square,neutral,0.528,16.3,70.2,34.5,3.7,56.1,25.8,72.9,77.8,69.2,pigmentation,69.6,71.2,0.781,0.947,general_skincare
FS_0638,18-25,oily,heart,calm,0.873,6.3,52.5,78.7,50.5,9.8,5.4,58.0,79.8,79.1,none,98.0,69.2,0.883,0.878,general_skincare
FS_0639,18-25,dry,square,calm,0.926,15.9,44.0,30.7,31.2,7.7,21.5,67.5,45.2,84.2,none,85.9,62.9,0.93,0.734,hydration_tip
FS_0640,18-25,oily,round,happy,0.629,17.3,69.3,71.7,42.1,27.6,0.0,69.3,67.5,78.9,none,77.8,75.2,0.739,0.705,general_skincare
FS_0641,36-45,dry,round,stressed,0.585,25.2,33.0,38.4,62.6,46.6,11.9,51.7,57.9,65.5,dark_circles,55.6,45.8,0.768,0.783,hydration_tip
FS_0642,18-25,normal,oval,calm,0.819,6.3,72.5,35.6,16.1,24.4,48.4,55.4,50.3,82.1,dark_lips,99.0,69.4,0.757,0.919,general_skincare
FS_0643,36-45,dry,square,sleepy,0.505,20.9,44.7,10.7,27.4,55.1,43.3,94.3,47.0,71.0,dryness,46.4,55.4,0.774,0.749,hydration_tip
FS_0644,46-60,normal,round,calm,0.744,13.7,66.6,53.9,31.6,26.8,54.4,83.6,75.8,78.5,redness_flush,84.0,74.5,0.793,0.779,general_skincare
FS_0645,18-25,normal,heart,happy,0.89,11.2,61.0,36.9,0.0,22.3,24.1,59.1,66.2,75.8,none,98.7,63.0,0.888,0.89,general_skincare
FS_0646,36-45,dry,round,calm,0.936,14.9,20.1,30.2,37.3,15.3,33.5,57.7,45.5,72.0,none,89.6,51.9,0.776,0.833,hydration_tip
FS_0647,46-60,dry,oval,sad,0.492,16.5,46.9,15.8,24.4,64.0,45.8,60.7,66.3,80.7,none,50.9,58.8,0.803,0.946,hydration_tip
FS_0648,26-35,oily,heart,happy,0.803,15.2,58.8,62.3,29.4,32.1,49.2,66.2,60.9,84.4,sun_damage,86.9,62.4,0.923,0.726,general_skincare
FS_0649,46-60,dry,square,sad,0.61,12.6,35.8,23.1,33.5,48.9,27.7,52.5,39.8,69.9,dark_circles,55.1,48.8,0.759,0.765,hydration_tip
FS_0650,26-35,dry,square,neutral,0.711,20.4,55.4,41.5,14.6,56.8,52.9,90.9,36.8,66.0,pigmentation,60.9,59.7,0.847,0.746,hydration_tip
FS_0651,18-25,oily,heart,neutral,0.641,18.7,56.4,65.3,15.5,46.4,0.0,76.7,67.6,86.5,dryness,65.5,67.9,0.794,0.947,general_skincare
FS_0652,18-25,normal,square,happy,0.992,17.2,60.9,42.2,23.4,46.6,18.1,69.4,88.8,72.9,pigmentation,96.9,73.1,0.855,0.893,general_skincare
FS_0653,46-60,oily,round,neutral,0.873,18.7,32.5,82.7,20.6,16.8,40.8,48.6,84.3,84.6,none,68.9,63.8,0.765,0.824,hydration_tip
FS_0654,26-35,oily,round,calm,0.663,12.4,51.7,59.6,13.2,59.2,36.0,83.0,86.5,94.5,sun_damage,79.7,72.5,0.755,0.734,general_skincare
FS_0655,18-25,oily,square,neutral,0.706,17.1,49.3,49.9,15.1,29.2,21.3,54.2,63.1,67.8,none,61.0,62.0,0.734,0.908,general_skincare
FS_0656,46-60,normal,round,calm,0.849,16.4,67.2,38.4,30.7,39.1,40.1,92.5,76.4,86.2,none,74.9,75.0,0.927,0.917,general_skincare
FS_0657,26-35,normal,square,calm,0.843,17.6,71.6,63.8,28.0,28.7,35.7,52.4,78.6,75.3,dullness,78.6,69.0,0.73,0.859,general_skincare
FS_0658,36-45,normal,heart,tired,0.413,22.1,55.0,73.2,41.0,57.1,51.3,98.7,64.3,71.7,dryness,36.7,63.1,0.897,0.71,general_skincare
FS_0659,26-35,oily,square,stressed,0.543,16.9,72.8,58.4,28.9,37.5,43.7,63.8,65.6,82.3,pigmentation,47.4,68.7,0.944,0.829,general_skincare
FS_0660,46-60,oily,oblong,happy,1.0,16.2,60.8,73.5,0.0,44.0,62.9,87.6,62.2,76.4,dark_lips,94.6,73.5,0.866,0.756,general_skincare
FS_0661,36-45,normal,heart,happy,0.743,19.5,78.3,48.6,25.8,30.6,14.1,67.9,63.1,77.1,pigmentation,77.3,68.9,0.907,0.757,general_skincare
FS_0662,36-45,dry,heart,calm,0.783,15.5,57.7,36.6,13.2,46.8,39.6,54.3,64.6,73.8,none,81.1,62.2,0.763,0.829,hydration_tip
FS_0663,18-25,normal,square,neutral,0.563,11.8,38.0,35.3,69.5,45.7,53.0,65.5,63.4,93.4,none,76.1,54.6,0.758,0.859,hydration_tip
FS_0664,26-35,dry,oval,tired,0.508,23.2,39.4,6.6,33.4,82.9,54.9,74.0,42.4,82.8,dryness,36.3,54.6,0.835,0.921,hydration_tip
FS_0665,46-60,dry,square,neutral,0.54,16.4,36.4,45.1,47.6,39.7,18.8,52.8,52.2,81.0,none,64.0,47.1,0.88,0.958,hydration_tip
FS_0666,46-60,oily,round,neutral,0.722,12.7,60.8,71.0,18.4,83.3,32.7,67.0,82.6,71.1,dark_lips,77.5,67.1,0.93,0.876,sleep_tip
FS_0667,36-45,normal,oblong,happy,0.744,18.3,88.7,58.1,27.4,12.2,31.9,67.8,51.5,87.8,none,85.8,82.0,0.871,0.748,general_skincare
FS_0668,46-60,normal,heart,calm,0.837,12.1,78.7,44.5,25.3,28.6,71.7,68.3,46.6,71.6,sun_damage,85.6,66.4,0.839,0.917,general_skincare
FS_0669,26-35,oily,heart,stressed,0.272,21.3,57.1,54.8,40.3,46.6,20.0,75.5,66.1,81.2,dullness,42.6,61.1,0.821,0.927,general_skincare
FS_0670,36-45,oily,round,sleepy,0.447,16.6,55.7,81.0,36.9,66.7,32.8,54.6,75.3,81.8,dullness,41.4,56.9,0.95,0.745,sleep_tip
FS_0671,26-35,oily,oval,stressed,0.708,24.5,95.0,81.1,32.0,48.6,23.1,61.4,71.0,72.2,none,48.7,74.3,0.944,0.749,general_skincare
FS_0672,18-25,dry,round,happy,0.626,13.4,50.0,59.2,37.2,15.3,19.5,70.4,47.1,86.1,dark_lips,88.9,63.4,0.782,0.922,hydration_tip
FS_0673,36-45,oily,square,neutral,0.591,14.8,88.1,97.7,52.4,32.7,61.4,75.2,83.7,79.6,none,71.5,75.4,0.835,0.955,general_skincare
FS_0674,18-25,oily,square,neutral,0.67,20.8,73.1,76.6,16.7,52.4,24.8,64.9,49.6,96.9,pigmentation,65.9,72.7,0.952,0.818,general_skincare
FS_0675,26-35,normal,heart,tired,0.501,16.3,77.4,45.5,30.3,58.8,44.6,77.7,49.2,81.3,none,46.5,66.5,0.745,0.733,general_skincare
FS_0676,36-45,oily,heart,stressed,0.386,17.0,33.0,79.3,47.0,27.7,25.3,54.5,83.7,91.1,pigmentation,56.0,51.6,0.895,0.813,hydration_tip
FS_0677,26-35,normal,round,sleepy,0.497,23.6,82.4,64.2,26.1,49.1,35.3,74.5,55.4,71.9,dullness,41.6,68.1,0.809,0.932,general_skincare
FS_0678,18-25,dry,square,sleepy,0.517,24.0,49.0,7.9,40.6,60.2,12.3,94.4,49.0,69.0,none,32.0,51.8,0.941,0.752,hydration_tip
FS_0679,46-60,oily,round,neutral,0.62,18.9,45.6,100.0,44.0,34.9,26.4,68.4,65.2,95.6,none,65.2,59.0,0.867,0.939,general_skincare
FS_0680,26-35,oily,oblong,calm,0.845,17.1,63.0,39.6,29.5,1.5,34.7,90.6,57.0,75.6,pigmentation,89.2,70.0,0.888,0.853,general_skincare
FS_0681,46-60,oily,heart,calm,0.701,15.2,48.2,67.0,28.5,1.8,50.5,72.3,79.5,76.4,dullness,74.1,74.8,0.841,0.752,general_skincare
FS_0682,18-25,normal,round,sleepy,0.658,23.7,47.4,27.5,33.9,63.6,12.9,95.1,64.8,85.4,none,49.1,63.7,0.846,0.9,sleep_tip
FS_0683,26-35,normal,oblong,sad,0.581,13.7,72.8,58.2,20.8,58.5,29.4,76.3,58.0,89.5,dark_lips,63.6,69.3,0.894,0.893,general_skincare
FS_0684,36-45,dry,square,stressed,0.969,26.5,38.2,31.9,68.5,46.7,55.5,90.7,90.2,67.0,none,61.8,58.0,0.731,0.907,hydration_tip
FS_0685,46-60,oily,oblong,stressed,0.659,29.6,49.4,66.1,60.6,97.5,54.5,68.7,70.6,88.8,redness_flush,50.5,48.0,0.765,0.94,sun_or_stress_tip
FS_0686,26-35,oily,square,neutral,0.804,12.4,30.6,73.4,37.0,40.4,43.5,76.1,62.1,57.1,dark_lips,82.6,46.1,0.893,0.702,hydration_tip
FS_0687,18-25,normal,square,stressed,0.589,20.0,67.2,21.3,63.1,59.2,50.1,67.3,75.7,70.2,none,53.0,60.6,0.811,0.851,sun_or_stress_tip
FS_0688,36-45,oily,heart,sleepy,0.39,21.8,54.0,77.0,35.6,84.2,36.2,65.1,67.5,71.6,dullness,27.3,53.6,0.773,0.844,sleep_tip
FS_0689,46-60,oily,oval,stressed,0.469,21.6,50.2,100.0,81.3,25.3,9.1,68.8,96.8,84.0,none,45.3,63.5,0.761,0.911,sun_or_stress_tip
FS_0690,36-45,normal,oval,happy,0.988,10.1,73.1,41.2,36.2,34.0,45.6,83.7,89.5,95.6,none,100.0,78.1,0.881,0.947,general_skincare
FS_0691,46-60,normal,oval,tired,0.435,21.9,77.5,41.1,30.4,94.5,52.8,81.1,81.0,82.1,sun_damage,43.4,62.6,0.822,0.812,sleep_tip
FS_0692,46-60,oily,oblong,sleepy,0.283,21.7,77.8,74.1,49.3,67.0,14.3,53.3,69.9,79.0,pigmentation,34.1,61.9,0.851,0.721,sleep_tip
FS_0693,36-45,oily,heart,calm,0.526,15.6,63.4,69.0,29.2,5.8,52.5,62.6,74.0,79.9,dryness,78.7,67.9,0.724,0.806,general_skincare
FS_0694,46-60,dry,square,tired,0.557,23.5,42.9,38.7,78.2,95.4,30.2,49.7,46.3,69.5,pigmentation,49.6,38.6,0.97,0.954,hydration_tip
FS_0695,46-60,oily,oval,stressed,0.571,23.9,58.2,78.2,67.2,51.4,32.5,64.3,61.4,85.1,pigmentation,43.1,57.1,0.873,0.951,sun_or_stress_tip
FS_0696,46-60,normal,round,calm,0.806,19.1,79.6,53.9,8.1,67.2,16.9,83.3,76.0,67.4,none,71.1,76.7,0.814,0.826,sleep_tip
FS_0697,36-45,oily,heart,tired,0.413,17.9,39.7,92.9,52.8,31.5,41.3,64.7,63.1,55.6,sun_damage,52.9,49.9,0.944,0.92,hydration_tip
FS_0698,26-35,normal,square,neutral,0.748,12.6,49.4,46.5,53.2,19.0,27.6,60.0,58.1,82.5,none,77.4,58.8,0.727,0.799,general_skincare
FS_0699,26-35,dry,round,sleepy,0.351,24.2,66.4,37.0,24.5,71.7,27.0,79.3,55.4,95.1,pigmentation,31.0,63.8,0.818,0.771,hydration_tip
FS_0700,46-60,normal,heart,neutral,0.828,9.9,75.1,32.3,29.9,33.0,47.9,73.2,88.8,72.6,dullness,80.2,77.5,0.84,0.875,general_skincare
FS_0701,18-25,normal,heart,happy,0.762,19.9,73.6,34.0,27.9,62.3,26.7,65.4,76.9,84.9,pigmentation,81.9,68.5,0.951,0.885,sleep_tip
FS_0702,26-35,normal,square,sad,0.489,15.1,79.3,47.0,32.3,43.1,38.5,61.5,68.1,85.1,dark_circles,54.7,75.0,0.876,0.74,general_skincare
FS_0703,26-35,normal,round,sad,0.537,12.7,64.7,51.6,0.0,55.7,19.4,70.6,65.9,71.2,none,53.1,67.6,0.918,0.863,general_skincare
FS_0704,46-60,normal,square,neutral,0.921,21.1,77.6,30.1,30.9,42.8,31.8,93.9,70.7,66.9,dullness,62.9,70.8,0.798,0.814,general_skincare
FS_0705,18-25,oily,oblong,neutral,1.0,16.0,49.9,69.0,30.0,38.0,40.1,80.6,80.6,75.9,pigmentation,87.5,61.8,0.734,0.902,general_skincare
FS_0706,46-60,dry,oval,stressed,0.627,23.6,28.3,9.0,56.0,84.9,34.8,59.2,58.3,59.9,sun_damage,61.5,42.0,0.908,0.861,hydration_tip
FS_0707,18-25,oily,oval,calm,0.599,21.7,54.7,80.8,27.3,16.4,20.6,81.8,52.8,84.1,dryness,71.4,68.0,0.809,0.866,general_skincare
FS_0708,26-35,dry,heart,happy,0.761,14.1,69.6,18.8,45.1,23.7,8.7,71.4,61.1,86.3,dryness,82.2,68.7,0.917,0.819,hydration_tip
FS_0709,26-35,oily,oblong,neutral,0.791,12.5,86.4,86.3,4.7,26.7,37.2,86.5,52.2,84.4,none,77.0,82.9,0.912,0.944,general_skincare
FS_0710,26-35,oily,square,neutral,0.499,17.5,50.7,83.6,16.7,25.6,0.0,72.4,67.7,67.3,dark_lips,67.0,66.9,0.885,0.95,general_skincare
FS_0711,26-35,dry,square,sad,0.659,20.7,40.3,35.3,31.7,25.3,20.0,61.4,45.5,66.3,none,54.7,54.8,0.815,0.701,hydration_tip
FS_0712,46-60,oily,oval,calm,0.647,17.3,60.7,75.1,44.4,34.5,25.4,60.5,79.5,87.4,redness_flush,85.7,72.2,0.788,0.792,general_skincare
FS_0713,18-25,normal,oblong,stressed,0.383,16.2,81.1,18.1,62.9,49.2,43.5,69.5,95.2,76.2,none,51.1,78.2,0.827,0.821,sun_or_stress_tip
FS_0714,46-60,dry,square,calm,0.69,17.1,29.2,33.1,38.0,24.7,45.2,56.3,46.6,65.9,dryness,86.4,55.1,0.788,0.804,hydration_tip
FS_0715,18-25,oily,round,sleepy,0.476,19.8,50.7,58.6,12.8,57.3,24.6,56.1,91.0,69.6,pigmentation,41.4,65.6,0.836,0.943,general_skincare
FS_0716,26-35,oily,square,neutral,0.77,11.1,55.0,83.0,41.1,48.7,29.4,67.3,77.5,69.4,dryness,76.7,60.8,0.871,0.732,general_skincare
FS_0717,46-60,dry,square,sleepy,0.465,22.8,40.8,16.3,40.5,100.0,39.3,66.3,68.0,87.2,none,41.0,53.2,0.733,0.825,hydration_tip
FS_0718,26-35,dry,oblong,happy,0.632,14.7,26.6,9.5,66.5,20.3,17.2,71.1,37.1,73.5,dryness,86.5,50.4,0.757,0.918,hydration_tip
FS_0719,46-60,oily,oblong,happy,0.934,15.4,46.5,57.5,11.7,43.8,33.2,61.5,60.0,78.8,none,93.6,58.3,0.858,0.765,general_skincare
FS_0720,26-35,oily,square,sleepy,0.35,25.4,55.2,71.9,44.9,73.5,9.9,70.4,89.5,84.9,dark_circles,29.2,65.8,0.804,0.789,sleep_tip
FS_0721,26-35,normal,heart,stressed,0.647,23.5,55.6,56.5,72.5,56.8,9.2,81.3,87.2,91.8,pigmentation,56.0,59.4,0.96,0.745,sun_or_stress_tip
FS_0722,36-45,oily,oblong,happy,0.796,14.0,47.8,93.2,47.5,45.8,29.6,75.4,58.7,79.3,none,90.5,52.2,0.762,0.924,general_skincare
FS_0723,18-25,oily,heart,sleepy,0.413,25.9,55.2,50.1,32.1,48.2,0.3,84.9,100.0,90.3,dryness,28.1,70.4,0.755,0.73,general_skincare
FS_0724,26-35,dry,heart,happy,0.677,16.0,42.5,30.7,36.3,4.4,5.7,53.7,53.3,75.4,dryness,86.2,60.0,0.722,0.719,hydration_tip
FS_0725,46-60,normal,oblong,sleepy,0.202,20.1,56.9,32.3,0.0,68.7,36.7,68.7,80.7,60.6,dullness,42.5,65.5,0.819,0.877,sleep_tip
FS_0726,46-60,dry,heart,tired,0.648,15.9,28.1,27.6,42.3,59.3,25.8,58.7,51.3,83.3,none,61.5,42.3,0.822,0.768,hydration_tip
FS_0727,18-25,oily,round,sad,0.53,18.4,49.9,56.3,0.9,55.1,24.5,69.1,53.7,77.8,none,57.7,56.0,0.939,0.813,general_skincare
FS_0728,26-35,oily,square,happy,0.671,13.6,52.9,67.5,33.4,36.9,5.4,65.6,65.8,64.7,pigmentation,79.4,58.2,0.779,0.852,general_skincare
FS_0729,36-45,normal,square,stressed,0.704,25.5,83.0,46.5,52.5,46.5,50.9,75.1,74.1,85.2,dryness,58.8,68.4,0.738,0.833,general_skincare
FS_0730,46-60,dry,oblong,neutral,0.682,16.5,53.7,38.4,27.8,13.7,38.5,59.9,45.4,76.9,none,70.4,58.3,0.928,0.862,hydration_tip
FS_0731,26-35,normal,heart,stressed,0.531,25.2,84.0,44.9,86.5,52.8,12.2,81.9,68.4,87.5,none,46.2,68.1,0.912,0.914,sun_or_stress_tip
FS_0732,46-60,normal,oval,stressed,0.504,23.1,63.7,59.2,67.8,55.4,41.3,53.9,80.8,85.1,dryness,55.2,62.6,0.901,0.706,sun_or_stress_tip
FS_0733,36-45,normal,oblong,tired,0.427,25.0,89.5,24.7,49.0,70.8,47.9,49.9,54.8,72.0,none,44.4,62.9,0.764,0.769,sleep_tip
FS_0734,46-60,dry,square,neutral,0.573,15.9,41.3,14.1,42.2,62.3,39.8,85.2,68.9,68.7,dark_circles,62.3,54.5,0.933,0.868,hydration_tip
FS_0735,26-35,oily,oblong,stressed,0.668,20.6,71.7,73.2,68.9,66.4,33.1,95.0,72.5,73.5,dryness,45.4,60.8,0.805,0.777,sun_or_stress_tip
FS_0736,46-60,oily,square,tired,0.874,23.7,54.8,86.4,38.1,81.9,40.4,71.3,68.4,65.0,dark_circles,59.4,56.2,0.833,0.75,sleep_tip
FS_0737,46-60,dry,heart,happy,0.842,16.1,37.6,23.2,33.0,36.7,33.1,54.9,50.6,72.2,pigmentation,97.4,55.9,0.817,0.81,hydration_tip
FS_0738,26-35,dry,square,calm,0.899,13.7,19.7,32.3,12.1,16.6,29.7,87.2,62.4,81.9,sun_damage,84.1,59.3,0.947,0.817,hydration_tip
FS_0739,18-25,normal,round,sleepy,0.309,21.7,81.3,43.3,30.9,70.6,35.0,74.1,73.1,91.7,none,41.1,64.9,0.777,0.954,sleep_tip
FS_0740,36-45,dry,oval,calm,0.677,10.1,55.2,55.1,31.6,23.4,23.6,73.7,60.9,78.1,redness_flush,89.7,71.4,0.849,0.712,hydration_tip
FS_0741,26-35,normal,heart,calm,0.826,14.8,48.7,60.6,16.9,41.6,32.7,58.3,82.2,80.9,sun_damage,89.7,68.1,0.762,0.922,general_skincare
FS_0742,36-45,dry,square,tired,0.384,25.7,27.7,14.2,27.6,85.7,59.5,84.2,67.1,92.9,dark_circles,42.8,46.4,0.89,0.788,hydration_tip
FS_0743,18-25,oily,oval,stressed,0.593,24.9,54.1,78.3,73.3,53.0,57.1,83.3,73.7,82.5,redness_flush,58.8,62.1,0.965,0.907,sun_or_stress_tip
FS_0744,26-35,oily,heart,calm,0.803,13.2,52.3,84.2,8.1,16.1,25.1,82.6,56.4,94.1,dullness,77.1,67.7,0.941,0.758,general_skincare
FS_0745,46-60,oily,heart,tired,0.566,21.8,58.1,59.2,64.6,59.9,46.0,49.6,67.3,80.6,none,54.7,57.5,0.746,0.856,sun_or_stress_tip
FS_0746,18-25,oily,heart,tired,0.214,23.9,67.9,86.1,44.6,33.9,9.6,72.4,71.9,76.0,none,33.7,69.6,0.949,0.806,general_skincare
FS_0747,46-60,oily,oblong,neutral,0.52,14.3,53.8,87.9,29.4,35.0,19.3,81.0,60.9,77.1,dullness,63.4,68.9,0.742,0.753,general_skincare
FS_0748,46-60,normal,oblong,neutral,0.631,11.7,66.6,35.5,31.1,20.3,43.7,93.4,59.8,66.6,dullness,67.1,71.0,0.839,0.742,general_skincare
FS_0749,46-60,normal,round,happy,0.793,18.0,64.1,64.5,45.4,28.0,34.2,75.4,69.8,65.2,dark_lips,89.4,62.2,0.872,0.797,general_skincare
FS_0750,46-60,dry,heart,neutral,0.619,22.0,10.5,27.8,48.0,40.1,58.5,63.7,49.7,89.1,dullness,65.2,45.3,0.891,0.802,hydration_tip
FS_0751,46-60,oily,square,calm,0.67,16.0,71.4,72.5,12.8,41.0,33.8,71.5,65.3,81.1,redness_flush,71.1,71.5,0.924,0.895,general_skincare
FS_0752,18-25,dry,oval,calm,0.88,13.4,32.4,6.3,0.0,39.6,0.0,54.0,56.0,78.8,dryness,79.3,55.5,0.958,0.869,hydration_tip
FS_0753,36-45,oily,round,calm,0.699,17.3,67.5,94.1,2.4,21.3,43.4,45.6,53.5,72.5,none,76.3,72.2,0.838,0.819,general_skincare
FS_0754,46-60,dry,square,stressed,0.633,25.3,48.4,33.5,90.3,80.6,24.0,98.3,42.2,80.9,sun_damage,54.4,49.3,0.76,0.806,hydration_tip
FS_0755,46-60,oily,square,neutral,0.394,14.8,41.7,53.4,18.5,19.6,55.9,71.3,41.9,80.8,dryness,63.6,61.1,0.739,0.805,general_skincare
FS_0756,26-35,normal,round,sad,0.588,23.9,95.0,54.4,13.1,39.2,29.2,76.4,79.8,82.1,none,58.3,82.6,0.776,0.857,general_skincare
FS_0757,46-60,normal,round,calm,0.58,9.7,74.6,61.2,54.2,15.1,60.0,88.4,63.1,90.5,redness_flush,81.1,72.6,0.858,0.856,general_skincare
FS_0758,26-35,oily,square,tired,0.47,24.5,77.5,54.5,28.3,47.4,30.3,50.3,84.8,88.8,none,38.4,75.2,0.946,0.826,general_skincare
FS_0759,46-60,dry,round,sleepy,0.181,24.7,45.8,15.4,21.2,71.6,43.2,35.4,66.7,73.5,dullness,32.6,52.6,0.875,0.855,hydration_tip
FS_0760,26-35,oily,round,calm,0.747,24.8,77.1,93.3,32.8,13.3,40.6,30.2,75.5,87.9,redness_flush,83.0,74.5,0.945,0.887,general_skincare
FS_0761,26-35,dry,oval,calm,0.588,21.6,23.5,41.8,23.8,22.1,27.8,78.8,39.3,70.7,none,75.6,59.8,0.899,0.782,hydration_tip
FS_0762,46-60,oily,oblong,tired,0.43,19.7,45.8,63.7,38.2,44.8,16.0,71.0,91.1,84.6,dark_circles,45.7,73.0,0.903,0.908,general_skincare
FS_0763,46-60,normal,heart,neutral,0.662,17.9,58.9,35.9,2.2,28.6,59.3,49.3,81.0,85.9,pigmentation,68.1,77.1,0.894,0.934,general_skincare
FS_0764,36-45,dry,oblong,calm,0.806,12.8,49.1,20.8,15.8,39.9,58.5,60.0,35.0,77.7,none,84.5,62.4,0.852,0.909,hydration_tip
FS_0765,26-35,dry,square,calm,0.786,20.4,57.7,38.4,0.0,42.7,35.6,73.6,27.8,71.0,dark_circles,73.3,60.6,0.811,0.776,hydration_tip
FS_0766,18-25,oily,oval,sad,0.516,18.3,47.1,70.9,24.7,44.3,52.8,75.3,76.7,82.9,dark_lips,51.4,66.4,0.764,0.843,general_skincare
FS_0767,18-25,normal,oblong,sleepy,0.351,25.7,65.7,48.4,27.9,69.1,45.1,71.3,71.9,65.0,none,33.8,60.0,0.74,0.732,sleep_tip
FS_0768,26-35,oily,oval,stressed,0.562,24.3,72.2,79.1,48.1,58.4,50.6,82.8,77.7,84.5,dullness,54.5,69.7,0.814,0.933,general_skincare
FS_0769,36-45,normal,oblong,neutral,0.791,16.4,72.3,40.2,18.8,33.5,51.8,66.2,69.2,80.2,dark_lips,82.5,72.6,0.887,0.874,general_skincare
FS_0770,26-35,normal,round,stressed,0.518,24.8,50.3,43.6,58.4,25.0,33.9,80.6,84.2,98.0,dark_circles,47.6,68.6,0.962,0.789,sun_or_stress_tip
FS_0771,26-35,normal,square,sad,0.724,12.6,89.5,65.0,43.8,53.8,18.5,54.8,47.3,83.8,sun_damage,63.6,60.4,0.736,0.933,general_skincare
FS_0772,18-25,dry,square,happy,0.703,16.1,33.6,35.3,48.7,38.1,23.8,83.8,52.3,86.6,redness_flush,80.1,51.6,0.799,0.743,hydration_tip
FS_0773,46-60,dry,round,tired,0.339,19.2,67.3,17.3,49.5,66.7,43.6,62.9,68.3,81.8,dullness,43.2,62.0,0.741,0.867,hydration_tip
FS_0774,46-60,dry,square,calm,0.732,19.1,33.6,30.4,53.9,27.6,18.0,100.0,42.0,68.6,redness_flush,79.4,49.2,0.963,0.716,hydration_tip
FS_0775,18-25,normal,oblong,neutral,0.735,13.4,72.3,45.3,34.2,26.4,16.2,86.4,55.3,69.2,dark_lips,87.0,64.7,0.742,0.92,general_skincare
FS_0776,26-35,dry,heart,sad,0.49,19.5,48.8,39.9,26.1,63.6,0.0,55.2,54.3,81.0,sun_damage,52.0,59.5,0.848,0.864,hydration_tip
FS_0777,26-35,oily,heart,happy,0.903,19.2,46.0,63.3,23.8,29.6,15.1,84.6,74.9,81.7,dullness,87.4,61.3,0.796,0.916,general_skincare
FS_0778,26-35,dry,heart,neutral,0.687,18.2,80.2,44.1,40.5,23.4,27.2,58.6,63.5,79.3,dryness,69.0,67.7,0.728,0.833,hydration_tip
FS_0779,46-60,dry,oblong,happy,0.783,16.8,43.1,22.5,24.0,29.2,45.6,71.2,41.0,70.5,none,86.5,58.4,0.779,0.737,hydration_tip
FS_0780,46-60,dry,oval,calm,0.654,14.6,43.8,34.6,38.4,46.7,57.8,71.5,28.4,72.5,dryness,77.7,54.7,0.778,0.787,hydration_tip
FS_0781,18-25,oily,square,happy,0.73,13.5,65.9,59.0,21.8,29.2,0.0,68.6,94.1,81.9,none,83.6,73.7,0.75,0.895,general_skincare
FS_0782,46-60,oily,oval,neutral,1.0,15.0,52.8,65.5,49.2,32.0,27.1,79.9,50.7,83.6,sun_damage,82.4,61.9,0.793,0.713,general_skincare
FS_0783,36-45,normal,oval,happy,0.868,15.6,62.6,38.9,3.5,40.4,60.0,58.4,52.2,72.4,none,84.7,67.4,0.857,0.865,general_skincare
FS_0784,36-45,normal,square,sad,0.545,16.9,44.9,59.2,31.8,72.2,32.7,69.0,49.2,63.3,dullness,56.6,54.5,0.91,0.916,sleep_tip
FS_0785,18-25,oily,round,sleepy,0.358,24.4,50.4,66.1,30.4,39.3,9.5,55.3,66.7,69.5,none,34.0,61.4,0.825,0.799,general_skincare
FS_0786,46-60,normal,oblong,tired,0.59,22.0,55.6,46.4,25.4,62.7,35.6,84.7,58.9,70.1,none,50.9,59.5,0.754,0.848,sleep_tip
FS_0787,26-35,dry,oblong,neutral,0.829,15.6,47.4,37.4,36.4,65.2,0.1,72.4,46.3,73.7,dark_circles,71.0,55.4,0.843,0.93,hydration_tip
FS_0788,36-45,oily,oval,tired,0.69,21.2,50.8,68.3,19.6,92.4,43.8,69.1,100.0,77.9,dullness,55.6,66.6,0.806,0.957,sleep_tip
FS_0789,26-35,dry,square,neutral,0.413,18.3,35.6,10.2,55.2,39.7,20.6,64.4,30.8,66.3,dark_circles,55.0,48.8,0.828,0.829,hydration_tip
FS_0790,46-60,dry,square,tired,0.409,23.5,43.9,39.9,54.3,72.4,43.8,87.0,46.3,92.0,dryness,43.1,49.8,0.942,0.803,hydration_tip
FS_0791,46-60,dry,square,sleepy,0.776,30.3,41.9,49.4,47.7,75.7,13.1,50.1,52.1,73.5,pigmentation,35.4,47.9,0.787,0.891,hydration_tip
FS_0792,36-45,oily,square,neutral,0.789,20.8,50.0,85.6,59.5,27.0,52.0,62.3,58.1,80.7,pigmentation,73.3,61.8,0.787,0.802,sun_or_stress_tip
FS_0793,46-60,oily,round,neutral,0.792,23.9,58.3,75.8,38.2,28.8,28.3,61.4,54.0,86.1,pigmentation,64.2,56.3,0.781,0.888,general_skincare
FS_0794,36-45,oily,oval,stressed,0.661,21.9,65.8,68.7,67.1,38.4,38.3,45.1,69.9,72.9,none,49.5,59.6,0.88,0.742,sun_or_stress_tip
FS_0795,46-60,dry,oblong,neutral,0.905,15.2,40.4,66.2,26.6,53.3,46.6,100.0,32.0,64.1,dryness,76.9,49.9,0.819,0.839,hydration_tip
FS_0796,36-45,normal,oval,calm,0.716,14.8,62.9,49.1,24.4,14.5,63.2,49.2,80.1,77.1,dryness,83.4,72.6,0.84,0.783,general_skincare
FS_0797,26-35,normal,heart,tired,0.392,20.5,68.1,45.4,60.2,62.0,35.8,71.0,83.5,65.7,dryness,38.5,61.4,0.898,0.798,sun_or_stress_tip
FS_0798,36-45,oily,heart,neutral,0.83,14.9,54.5,51.7,6.1,20.0,24.5,68.4,74.6,84.1,none,80.7,73.3,0.845,0.786,general_skincare
FS_0799,26-35,oily,oval,tired,0.622,21.3,24.7,100.0,32.8,100.0,30.7,67.2,72.6,71.6,redness_flush,60.2,46.1,0.746,0.935,hydration_tip
FS_0800,46-60,oily,round,stressed,0.663,24.6,61.5,96.1,57.4,64.1,68.8,88.3,86.1,75.2,none,61.2,65.1,0.959,0.936,sun_or_stress_tip
FS_0801,18-25,normal,heart,calm,0.91,19.6,65.7,17.0,28.5,29.6,9.7,58.5,56.1,80.5,dullness,82.1,63.4,0.918,0.828,general_skincare
FS_0802,46-60,oily,heart,tired,0.52,28.0,47.2,50.1,65.6,100.0,49.4,76.0,70.9,84.1,none,43.1,52.5,0.952,0.957,sun_or_stress_tip
FS_0803,46-60,dry,square,happy,0.768,13.2,45.3,22.2,31.0,37.3,47.0,63.5,58.3,84.1,dullness,87.3,60.0,0.957,0.927,hydration_tip
FS_0804,26-35,normal,heart,calm,0.793,13.1,57.5,54.9,14.6,45.7,12.5,74.9,64.5,78.1,dark_circles,84.4,64.0,0.865,0.864,general_skincare
FS_0805,36-45,oily,heart,sleepy,0.55,20.0,44.7,53.4,44.1,73.4,46.2,71.8,69.9,80.6,dryness,50.1,61.1,0.831,0.744,sleep_tip
FS_0806,46-60,dry,square,tired,0.4,28.4,37.9,27.6,39.3,47.1,29.6,81.4,22.2,80.8,none,36.6,47.9,0.796,0.762,hydration_tip
FS_0807,46-60,normal,heart,calm,0.704,15.5,67.8,58.4,31.6,27.2,38.3,54.8,90.5,98.0,dryness,76.0,75.9,0.867,0.926,general_skincare
FS_0808,46-60,dry,heart,calm,0.926,15.1,34.0,32.3,31.3,29.3,40.7,67.6,65.9,84.6,none,89.9,58.7,0.862,0.96,hydration_tip
FS_0809,46-60,normal,square,sad,0.616,19.4,64.8,37.5,21.6,70.8,47.5,75.7,44.6,80.8,dark_circles,47.7,56.6,0.785,0.725,sleep_tip
FS_0810,26-35,dry,heart,happy,0.803,8.6,46.7,39.7,24.6,24.6,13.9,67.9,44.2,91.0,dark_circles,100.0,61.6,0.921,0.864,hydration_tip
FS_0811,46-60,oily,oval,sad,0.53,21.5,50.9,71.5,48.6,36.0,47.3,46.1,56.5,76.1,none,52.8,60.5,0.723,0.898,general_skincare
FS_0812,26-35,normal,oblong,neutral,0.854,18.2,75.7,47.9,23.1,33.5,55.8,54.8,74.4,64.4,pigmentation,76.2,66.3,0.906,0.72,general_skincare
FS_0813,18-25,oily,square,neutral,0.831,17.9,66.5,81.4,22.3,28.4,42.7,69.4,68.0,76.5,none,77.1,71.0,0.913,0.953,general_skincare
FS_0814,46-60,dry,square,happy,1.0,15.6,29.1,30.8,37.1,15.0,12.2,56.9,51.3,73.9,dullness,90.5,56.6,0.779,0.876,hydration_tip
FS_0815,26-35,oily,oblong,sleepy,0.364,24.6,74.6,67.5,28.0,71.3,23.0,81.1,73.7,65.4,none,36.2,62.6,0.722,0.951,sleep_tip
FS_0816,18-25,normal,heart,happy,0.796,14.1,78.8,51.6,10.7,39.8,45.6,68.0,69.1,79.0,dryness,87.7,70.9,0.955,0.866,general_skincare
FS_0817,36-45,oily,oval,calm,0.712,13.3,27.4,80.6,33.2,53.6,26.2,57.8,32.5,75.4,none,81.2,49.2,0.75,0.742,hydration_tip
FS_0818,36-45,oily,square,stressed,0.693,26.5,74.3,63.8,60.4,61.0,44.6,57.9,36.5,81.1,none,55.7,54.6,0.742,0.788,sun_or_stress_tip
FS_0819,26-35,dry,oval,tired,0.345,29.4,50.7,30.3,37.3,64.0,42.5,63.1,60.1,74.9,none,33.1,57.8,0.786,0.784,hydration_tip
FS_0820,26-35,oily,oblong,happy,0.907,14.9,59.3,95.6,14.4,33.3,31.6,77.3,63.7,96.8,sun_damage,92.5,73.4,0.765,0.725,general_skincare
FS_0821,18-25,dry,oval,calm,0.919,8.4,22.7,22.1,27.9,53.5,22.2,61.5,56.4,82.2,none,93.6,49.7,0.843,0.822,hydration_tip
FS_0822,36-45,normal,square,tired,0.344,20.2,69.7,42.7,41.5,65.0,4.0,72.5,51.4,79.5,dark_circles,40.9,64.6,0.901,0.749,sleep_tip
FS_0823,46-60,oily,oblong,calm,0.716,12.2,37.6,91.0,40.4,42.0,43.7,72.4,60.3,72.7,dullness,84.2,63.2,0.859,0.943,hydration_tip
FS_0824,46-60,oily,square,tired,0.496,23.5,64.2,63.8,28.1,78.7,39.1,84.8,65.5,84.7,none,35.1,62.8,0.788,0.954,sleep_tip
FS_0825,36-45,normal,round,neutral,0.894,19.8,86.0,61.5,21.0,13.4,18.1,71.3,86.0,77.5,dryness,66.5,83.5,0.81,0.949,general_skincare
FS_0826,46-60,normal,square,sad,0.62,16.7,74.7,58.3,33.7,34.6,35.3,83.3,50.6,59.2,none,53.2,68.5,0.912,0.954,general_skincare
FS_0827,36-45,normal,oblong,neutral,0.72,20.8,61.2,46.2,12.5,57.3,54.5,65.1,39.6,69.4,none,62.2,58.4,0.863,0.733,general_skincare
FS_0828,26-35,normal,square,neutral,0.609,7.3,55.1,34.3,8.5,37.4,29.7,95.4,70.9,59.7,pigmentation,82.9,68.8,0.901,0.912,general_skincare
FS_0829,46-60,dry,heart,sad,0.636,9.1,47.4,13.2,33.3,68.4,48.3,82.0,46.8,64.3,none,63.8,50.9,0.929,0.829,hydration_tip
FS_0830,46-60,dry,heart,sleepy,0.281,21.6,41.5,23.9,30.9,81.2,43.5,79.7,73.4,73.8,redness_flush,35.7,55.0,0.83,0.956,hydration_tip
FS_0831,46-60,oily,oblong,stressed,0.826,21.8,35.9,97.3,65.7,60.9,33.0,72.5,68.0,72.4,sun_damage,62.8,57.4,0.909,0.743,hydration_tip
FS_0832,46-60,oily,oval,tired,0.542,18.4,57.6,81.5,24.7,99.2,68.7,62.6,54.3,73.2,pigmentation,44.8,51.6,0.917,0.773,sleep_tip
FS_0833,46-60,oily,oval,stressed,0.477,28.2,51.5,77.7,62.4,42.6,59.8,54.4,73.7,80.2,none,51.2,57.6,0.916,0.759,sun_or_stress_tip
FS_0834,36-45,normal,heart,happy,0.648,19.1,64.1,58.1,29.8,32.1,33.4,61.1,58.7,88.8,none,76.3,62.5,0.737,0.875,general_skincare
FS_0835,18-25,normal,oblong,happy,0.727,13.2,58.8,60.5,5.2,17.8,46.7,73.4,72.7,97.2,none,81.3,77.0,0.848,0.901,general_skincare
FS_0836,18-25,normal,round,sad,0.53,14.7,67.4,37.5,30.5,66.1,22.5,72.1,68.7,85.2,dark_circles,62.1,64.8,0.735,0.949,sleep_tip
FS_0837,36-45,dry,heart,stressed,0.627,28.8,26.9,19.4,59.1,38.3,38.6,84.0,39.6,87.4,dark_circles,43.6,47.6,0.954,0.907,hydration_tip
FS_0838,36-45,normal,oval,calm,0.669,18.8,58.1,39.3,34.6,15.0,33.9,75.5,66.5,72.9,dullness,78.5,61.8,0.817,0.95,general_skincare
FS_0839,46-60,oily,oblong,happy,0.88,19.6,51.5,88.9,39.2,46.9,14.0,64.1,67.6,73.8,dryness,90.5,63.9,0.846,0.74,general_skincare
FS_0840,26-35,dry,square,sad,0.685,18.0,36.5,29.3,32.6,40.5,13.5,76.7,53.6,72.1,dullness,57.6,52.2,0.967,0.916,hydration_tip
FS_0841,36-45,normal,heart,stressed,0.611,22.9,71.4,39.4,54.7,52.5,47.4,60.6,69.9,61.9,none,52.8,64.0,0.73,0.767,general_skincare
FS_0842,46-60,oily,heart,neutral,0.711,17.1,50.7,77.5,23.4,53.7,34.8,100.0,68.9,79.0,pigmentation,65.7,65.7,0.775,0.802,general_skincare
FS_0843,46-60,dry,oval,happy,0.673,20.3,36.0,33.3,39.5,79.7,34.0,59.1,51.0,70.3,dark_lips,81.7,43.7,0.964,0.763,hydration_tip
FS_0844,46-60,oily,square,neutral,0.44,17.2,58.9,71.6,39.7,50.2,41.3,71.4,87.1,68.3,dark_lips,62.1,65.3,0.813,0.911,general_skincare
FS_0845,26-35,normal,oblong,calm,0.787,13.1,69.9,56.3,44.4,38.6,45.5,49.8,39.0,58.4,redness_flush,81.5,59.9,0.913,0.818,general_skincare
FS_0846,46-60,normal,heart,calm,0.755,10.0,66.2,40.1,27.4,28.9,17.8,65.3,78.0,84.7,dark_lips,84.2,68.0,0.855,0.723,general_skincare
FS_0847,26-35,oily,oblong,stressed,0.604,29.0,54.2,91.9,53.4,34.6,35.0,76.5,100.0,69.2,dark_lips,48.8,70.8,0.768,0.835,general_skincare
FS_0848,26-35,oily,oblong,neutral,0.645,13.3,62.2,80.5,39.5,33.4,29.2,48.4,55.6,86.4,sun_damage,69.6,62.7,0.733,0.929,general_skincare
FS_0849,26-35,dry,oblong,stressed,0.636,20.8,47.4,30.3,67.3,71.4,20.7,57.7,63.6,85.2,dullness,49.5,50.5,0.877,0.854,hydration_tip
FS_0850,36-45,oily,oblong,stressed,0.825,28.2,69.1,91.4,51.0,64.7,18.0,72.1,45.6,76.7,dark_circles,52.0,56.9,0.759,0.761,sleep_tip
FS_0851,26-35,normal,oval,stressed,0.535,23.1,76.0,40.0,47.3,44.9,38.2,45.2,58.1,91.8,dryness,48.5,64.2,0.853,0.94,general_skincare
FS_0852,46-60,normal,round,calm,0.711,9.2,62.7,51.1,25.9,38.3,54.5,54.6,69.7,72.5,dryness,87.2,64.9,0.949,0.779,general_skincare
FS_0853,26-35,dry,oblong,calm,0.871,12.1,43.4,48.0,27.4,62.2,46.0,60.9,34.3,72.6,pigmentation,86.4,51.2,0.959,0.902,hydration_tip
FS_0854,26-35,dry,oval,sad,0.571,16.7,43.7,13.6,29.3,67.5,0.6,83.9,35.3,80.3,pigmentation,60.5,48.3,0.911,0.731,hydration_tip
FS_0855,46-60,normal,oval,sleepy,0.317,24.7,77.4,65.6,39.8,63.1,36.5,54.0,80.2,59.5,redness_flush,34.2,71.1,0.805,0.701,sleep_tip
FS_0856,18-25,oily,oblong,sleepy,0.5,21.6,72.5,63.6,33.2,64.2,40.8,62.7,69.4,82.6,pigmentation,44.4,71.0,0.808,0.788,sleep_tip
FS_0857,46-60,normal,heart,sleepy,0.382,17.7,76.0,50.2,50.0,72.0,11.9,65.0,67.2,84.7,dryness,48.7,59.1,0.797,0.846,sleep_tip
FS_0858,18-25,dry,oval,sleepy,0.255,22.7,31.8,30.9,36.1,90.4,18.2,74.6,54.6,85.5,redness_flush,36.2,44.8,0.895,0.919,hydration_tip
FS_0859,46-60,normal,round,sleepy,0.511,22.5,62.5,36.6,54.6,68.4,27.1,80.5,65.3,68.4,dark_lips,42.9,55.6,0.838,0.733,sleep_tip
FS_0860,26-35,normal,heart,neutral,0.681,18.5,64.8,62.6,6.8,30.2,31.7,86.4,69.8,71.0,none,64.4,72.5,0.951,0.737,general_skincare
FS_0861,18-25,oily,round,tired,0.516,23.4,76.0,86.3,52.1,72.7,0.0,73.9,71.6,87.3,dark_lips,44.2,63.1,0.782,0.945,sleep_tip
FS_0862,36-45,dry,heart,sad,0.621,19.6,42.7,28.2,0.0,33.4,16.9,76.3,28.9,73.3,dullness,50.4,60.3,0.918,0.724,hydration_tip
FS_0863,36-45,dry,round,tired,0.549,18.7,18.5,26.6,45.5,50.3,43.5,86.9,58.6,65.6,dark_lips,44.7,46.4,0.783,0.726,hydration_tip
FS_0864,36-45,oily,oval,calm,0.719,5.0,35.8,80.7,42.7,49.8,10.6,72.7,39.3,74.8,dryness,90.0,51.9,0.749,0.947,hydration_tip
FS_0865,18-25,normal,oval,calm,0.968,12.0,73.9,39.5,31.4,58.3,11.0,72.2,58.3,76.8,none,92.7,67.9,0.732,0.765,general_skincare
FS_0866,18-25,dry,oval,sleepy,0.411,22.0,40.8,28.1,0.0,79.4,40.0,59.5,55.3,81.2,dark_lips,38.9,52.5,0.956,0.813,hydration_tip
FS_0867,46-60,oily,oblong,sleepy,0.382,32.4,61.7,83.7,41.6,67.8,57.4,65.9,84.8,75.0,dullness,29.9,60.4,0.726,0.755,sleep_tip
FS_0868,36-45,dry,oblong,neutral,0.658,17.4,27.0,38.5,17.8,24.3,25.0,82.0,35.0,86.5,dryness,60.9,52.3,0.885,0.87,hydration_tip
FS_0869,46-60,normal,square,happy,0.677,15.9,75.1,59.4,34.4,35.6,52.7,75.8,84.5,58.7,pigmentation,76.3,68.8,0.909,0.888,general_skincare
FS_0870,26-35,dry,square,calm,0.685,23.5,34.1,22.0,30.4,31.3,23.7,68.5,97.4,92.9,none,72.7,67.1,0.907,0.868,hydration_tip
FS_0871,26-35,dry,oblong,sleepy,0.472,23.4,30.0,21.6,60.5,100.0,20.2,64.6,29.1,63.2,none,41.1,33.5,0.737,0.731,hydration_tip
FS_0872,36-45,oily,round,happy,0.789,23.5,60.5,100.0,43.2,9.8,59.1,56.8,61.4,80.5,dark_lips,65.8,65.3,0.747,0.726,general_skincare
FS_0873,26-35,dry,heart,calm,0.738,15.9,50.9,25.8,52.9,32.2,18.2,78.3,50.8,79.0,none,75.0,55.1,0.959,0.786,hydration_tip
FS_0874,26-35,normal,round,calm,0.536,18.6,46.4,43.9,21.6,26.9,25.5,71.9,36.2,78.1,dryness,62.5,55.0,0.906,0.894,general_skincare
FS_0875,46-60,oily,heart,happy,0.848,17.8,69.0,81.8,38.2,34.8,32.9,55.2,44.0,75.0,redness_flush,85.0,64.0,0.796,0.861,general_skincare
FS_0876,36-45,dry,square,calm,0.856,7.6,44.0,34.2,24.9,34.2,39.2,79.8,73.7,84.9,none,93.7,71.2,0.929,0.748,hydration_tip
FS_0877,26-35,oily,heart,happy,0.719,16.7,41.5,81.6,18.9,23.7,35.7,62.2,76.6,79.3,none,85.7,68.5,0.902,0.886,general_skincare
FS_0878,46-60,dry,heart,happy,0.823,22.2,35.6,37.3,34.6,50.7,46.6,55.9,27.9,80.8,redness_flush,82.9,41.2,0.862,0.895,hydration_tip
FS_0879,18-25,normal,oblong,sleepy,0.299,23.1,88.9,52.9,40.5,60.6,45.1,67.0,41.3,81.8,none,33.8,67.5,0.772,0.958,sleep_tip
FS_0880,26-35,normal,oval,sleepy,0.328,18.1,85.4,54.7,45.1,78.1,41.5,64.7,81.6,84.0,none,39.6,68.5,0.958,0.872,sleep_tip
FS_0881,26-35,oily,heart,neutral,0.829,18.6,37.7,65.6,12.5,36.1,39.2,64.7,66.5,69.2,sun_damage,71.0,59.9,0.731,0.796,hydration_tip
FS_0882,46-60,normal,heart,sad,0.576,23.5,61.5,31.2,40.1,46.5,29.3,71.1,47.8,62.3,sun_damage,57.1,62.1,0.806,0.81,general_skincare
FS_0883,26-35,normal,heart,sleepy,0.252,21.5,89.4,48.0,38.4,60.9,18.6,79.0,58.2,92.6,dark_circles,38.4,66.4,0.928,0.95,sleep_tip
FS_0884,46-60,oily,oval,happy,0.98,14.4,53.3,76.8,23.8,36.7,22.3,72.6,59.5,76.2,dullness,97.3,62.5,0.739,0.774,general_skincare
FS_0885,18-25,oily,square,sad,0.474,20.8,74.2,76.2,13.5,42.9,54.5,51.3,77.4,79.1,dark_circles,48.4,68.6,0.889,0.959,general_skincare
FS_0886,36-45,normal,square,neutral,0.747,14.7,58.9,36.3,39.9,11.2,14.2,61.7,62.2,83.6,none,72.9,63.5,0.897,0.839,general_skincare
FS_0887,46-60,dry,oval,calm,0.811,20.4,55.0,29.6,22.8,44.1,0.0,73.4,65.2,76.9,pigmentation,79.4,61.7,0.869,0.904,hydration_tip
FS_0888,18-25,dry,square,stressed,0.691,19.7,39.1,8.8,38.2,50.6,26.1,84.8,46.4,83.5,none,74.5,51.9,0.939,0.732,hydration_tip
FS_0889,26-35,normal,round,sleepy,0.318,25.7,40.4,25.0,19.5,76.5,13.7,51.3,68.8,78.9,none,35.4,53.9,0.775,0.761,sleep_tip
FS_0890,18-25,normal,heart,neutral,0.412,16.6,74.9,60.3,28.3,32.3,35.9,95.1,71.3,76.4,none,64.7,79.4,0.933,0.884,general_skincare
FS_0891,36-45,dry,oblong,tired,0.378,20.3,26.6,14.4,34.3,81.8,30.0,57.9,52.6,66.0,none,40.1,46.4,0.772,0.789,hydration_tip
FS_0892,26-35,oily,heart,sad,0.402,14.1,32.1,71.1,12.9,66.2,19.6,59.9,47.7,74.1,none,46.0,52.0,0.886,0.933,hydration_tip
FS_0893,36-45,oily,round,sleepy,0.424,31.3,67.2,84.8,55.2,86.5,21.2,53.5,68.1,69.3,dryness,27.9,54.4,0.778,0.812,sun_or_stress_tip
FS_0894,26-35,dry,round,happy,0.762,19.6,41.9,37.2,23.5,33.1,12.9,87.0,40.3,75.1,none,78.3,55.3,0.754,0.827,hydration_tip
FS_0895,46-60,normal,oblong,neutral,0.759,13.9,80.0,34.2,11.6,52.3,32.6,66.6,76.0,75.4,none,77.7,71.2,0.908,0.74,general_skincare
FS_0896,18-25,oily,square,calm,0.753,15.0,77.9,69.9,10.2,38.3,26.1,60.4,80.9,75.5,dark_circles,85.6,80.8,0.74,0.705,general_skincare
FS_0897,46-60,oily,oval,calm,0.841,14.9,40.9,71.0,22.6,8.3,28.4,82.8,100.0,80.7,dark_circles,92.8,75.4,0.97,0.819,general_skincare
FS_0898,26-35,dry,oval,stressed,0.572,23.1,25.2,22.2,64.4,47.5,1.8,100.0,55.7,79.0,none,52.4,53.4,0.895,0.812,hydration_tip
FS_0899,26-35,normal,oval,calm,0.973,16.3,81.2,46.1,23.7,45.5,49.9,88.2,55.1,77.4,none,93.7,75.3,0.721,0.712,general_skincare
FS_0900,18-25,oily,oval,neutral,0.623,19.4,66.3,78.3,30.1,23.2,0.0,54.4,64.5,87.9,none,72.4,67.0,0.882,0.879,general_skincare
FS_0901,46-60,oily,heart,stressed,0.738,19.7,30.7,86.2,63.8,32.6,43.3,86.4,73.7,98.0,dark_circles,61.5,57.9,0.746,0.706,hydration_tip
FS_0902,18-25,normal,square,calm,0.529,16.1,33.7,44.5,38.8,11.1,35.7,86.2,23.7,76.6,dryness,62.3,50.1,0.826,0.827,hydration_tip
FS_0903,18-25,normal,oval,tired,0.265,16.7,40.4,69.6,45.0,78.6,29.5,78.0,71.1,80.4,sun_damage,44.0,53.8,0.773,0.836,sleep_tip
FS_0904,46-60,oily,square,tired,0.634,16.9,46.3,60.0,14.6,67.1,26.7,44.7,64.8,81.3,dark_lips,57.8,52.8,0.801,0.862,sleep_tip
FS_0905,26-35,dry,square,calm,0.745,13.8,21.7,49.7,11.4,32.2,10.8,100.0,54.1,72.5,pigmentation,78.4,60.0,0.767,0.757,hydration_tip
FS_0906,36-45,oily,oval,stressed,0.434,26.0,65.3,91.6,58.7,48.5,16.9,69.4,75.0,61.6,none,48.9,60.0,0.819,0.944,sun_or_stress_tip
FS_0907,46-60,normal,square,tired,0.541,21.6,69.7,31.7,48.4,61.3,51.1,78.9,69.1,76.8,dark_circles,53.4,65.4,0.862,0.901,sleep_tip
FS_0908,36-45,oily,square,calm,0.568,22.0,56.2,81.6,32.1,51.7,31.7,65.1,81.6,61.8,dullness,63.1,64.0,0.953,0.754,general_skincare
FS_0909,26-35,normal,square,sleepy,0.301,24.2,50.4,21.7,40.5,88.7,17.3,62.0,79.1,77.8,redness_flush,37.4,55.6,0.852,0.955,sleep_tip
FS_0910,46-60,oily,oblong,neutral,0.696,15.7,55.3,73.7,3.4,38.4,42.8,100.0,76.2,72.1,pigmentation,70.2,74.1,0.768,0.747,general_skincare
FS_0911,36-45,dry,oblong,happy,0.671,20.9,28.3,20.2,11.6,8.3,48.9,77.6,54.0,72.1,sun_damage,78.6,60.6,0.787,0.896,hydration_tip
FS_0912,18-25,normal,square,sleepy,0.48,19.6,61.9,61.4,40.3,72.9,21.2,87.8,45.2,80.6,none,30.0,53.3,0.896,0.735,sleep_tip
FS_0913,26-35,normal,oblong,stressed,0.76,24.1,61.8,50.8,58.8,59.4,15.5,64.4,66.9,84.0,none,58.0,62.2,0.911,0.926,sun_or_stress_tip
FS_0914,26-35,normal,oval,happy,0.694,14.3,87.7,50.7,45.2,17.2,43.2,82.5,68.6,83.5,dark_circles,88.9,79.0,0.742,0.828,general_skincare
FS_0915,36-45,oily,square,calm,0.742,16.4,66.3,82.0,21.2,25.1,48.3,71.2,89.0,90.8,pigmentation,83.0,73.5,0.8,0.789,general_skincare
FS_0916,46-60,normal,oval,calm,0.756,16.2,58.7,44.2,18.0,28.0,31.5,62.0,71.8,96.9,none,75.2,71.5,0.923,0.851,general_skincare
FS_0917,36-45,dry,square,stressed,0.596,23.2,56.4,28.3,42.1,37.9,20.1,79.2,69.8,85.2,pigmentation,55.4,66.2,0.756,0.937,hydration_tip
FS_0918,18-25,oily,oblong,sleepy,0.354,21.2,73.1,64.5,21.0,74.7,53.9,80.3,84.6,68.0,none,35.1,67.4,0.823,0.881,sleep_tip
FS_0919,46-60,normal,heart,sleepy,0.339,15.8,57.4,30.9,44.8,73.5,31.0,71.6,58.4,80.9,sun_damage,46.0,60.1,0.792,0.863,sleep_tip
FS_0920,18-25,normal,heart,sleepy,0.529,24.0,72.2,41.1,24.7,70.3,0.0,69.6,66.6,85.9,dryness,53.1,68.0,0.958,0.916,sleep_tip
FS_0921,26-35,normal,round,calm,0.654,13.1,59.5,61.1,17.6,35.4,54.6,69.0,85.6,93.0,sun_damage,79.6,68.5,0.88,0.763,general_skincare
FS_0922,46-60,oily,round,sad,0.486,15.9,84.9,66.2,15.6,31.3,46.4,72.0,85.2,84.0,dark_circles,51.4,75.9,0.836,0.754,general_skincare
FS_0923,26-35,normal,oblong,happy,0.664,14.9,56.4,41.2,33.0,38.2,1.1,69.8,61.8,72.2,redness_flush,90.4,66.5,0.813,0.91,general_skincare
FS_0924,46-60,normal,square,neutral,0.662,14.9,53.9,47.5,23.9,49.0,48.0,85.4,52.4,81.6,none,75.3,61.0,0.909,0.814,general_skincare
FS_0925,36-45,normal,oval,calm,0.78,18.4,74.1,60.8,3.2,21.5,25.9,59.3,83.6,73.4,pigmentation,76.3,81.0,0.758,0.747,general_skincare
FS_0926,18-25,normal,round,sad,0.599,12.3,76.2,40.9,44.8,41.9,42.2,64.2,60.4,60.7,dullness,62.1,72.7,0.936,0.836,general_skincare
FS_0927,46-60,dry,square,neutral,0.47,20.1,31.7,28.8,41.1,26.0,23.2,76.7,36.4,76.3,dark_lips,59.9,49.7,0.727,0.76,hydration_tip
FS_0928,18-25,dry,square,neutral,0.775,20.0,34.7,33.1,37.3,52.6,0.6,88.1,61.6,67.8,sun_damage,60.1,53.1,0.931,0.776,hydration_tip
FS_0929,46-60,normal,oval,neutral,0.637,25.2,67.7,50.8,32.0,41.4,38.6,40.8,56.1,75.2,dark_circles,60.6,63.5,0.966,0.858,general_skincare
FS_0930,26-35,dry,square,neutral,0.582,13.6,46.0,22.1,55.1,61.5,34.5,53.5,42.6,89.3,pigmentation,75.0,46.9,0.817,0.847,hydration_tip
FS_0931,46-60,normal,round,calm,0.656,14.7,70.3,60.4,11.7,23.8,38.7,79.3,57.3,66.2,none,81.7,72.2,0.939,0.73,general_skincare
FS_0932,46-60,dry,round,calm,0.785,13.1,42.2,36.9,22.0,13.0,33.5,89.8,75.6,59.8,dullness,82.2,69.9,0.957,0.794,hydration_tip
FS_0933,46-60,dry,round,calm,0.757,17.7,50.0,22.9,23.9,19.8,34.8,56.5,57.5,87.7,redness_flush,81.1,63.9,0.86,0.729,hydration_tip
FS_0934,46-60,normal,square,tired,0.568,17.8,68.4,77.7,21.4,76.5,33.2,79.9,87.7,74.5,dullness,55.9,69.1,0.878,0.922,sleep_tip
FS_0935,26-35,normal,oval,happy,0.623,20.2,82.6,24.6,0.0,23.6,39.1,48.7,41.5,78.6,none,78.9,74.1,0.785,0.762,general_skincare
FS_0936,46-60,dry,round,neutral,0.84,21.0,59.2,45.5,32.2,19.5,22.2,40.8,36.8,78.6,dark_circles,68.7,57.7,0.841,0.735,hydration_tip
FS_0937,46-60,normal,heart,neutral,0.752,15.4,78.5,69.6,22.7,50.5,28.2,84.4,66.5,91.0,none,66.2,71.6,0.805,0.895,general_skincare
FS_0938,26-35,normal,oblong,neutral,0.709,17.9,62.9,51.9,21.2,70.0,29.5,78.6,67.3,71.5,dullness,67.2,65.2,0.85,0.822,sleep_tip
FS_0939,46-60,normal,square,sleepy,0.36,23.6,54.3,52.7,35.1,74.6,34.7,73.0,78.9,80.3,dryness,32.6,59.8,0.866,0.809,sleep_tip
FS_0940,46-60,oily,round,tired,0.741,18.5,65.5,80.0,43.7,38.7,57.1,74.5,82.9,88.2,dark_circles,59.2,70.5,0.822,0.901,general_skincare
FS_0941,36-45,normal,oblong,tired,0.36,19.7,48.4,56.8,38.1,82.1,48.5,47.0,72.6,68.2,none,46.2,59.6,0.956,0.858,sleep_tip
FS_0942,46-60,dry,oval,tired,0.526,20.9,47.1,18.4,44.5,27.5,28.9,76.5,75.8,76.9,none,44.5,65.3,0.741,0.746,hydration_tip
FS_0943,36-45,normal,round,tired,0.54,19.7,72.9,35.3,43.4,76.8,31.7,64.8,61.2,65.1,none,46.4,62.6,0.931,0.936,sleep_tip
FS_0944,18-25,dry,oblong,calm,0.817,9.9,31.5,20.0,22.0,16.7,21.3,79.1,44.2,80.7,dark_circles,96.8,58.5,0.818,0.953,hydration_tip
FS_0945,46-60,dry,oval,neutral,0.855,15.4,56.4,17.3,0.0,48.8,46.6,79.4,49.1,91.2,none,79.2,64.3,0.762,0.891,hydration_tip
FS_0946,36-45,oily,oblong,happy,0.795,11.3,58.8,80.3,60.5,34.3,22.3,76.5,87.6,93.4,none,87.1,63.5,0.73,0.771,sun_or_stress_tip
FS_0947,46-60,dry,oval,sad,0.594,19.2,55.5,31.2,12.0,54.7,54.9,57.5,63.2,80.3,none,57.6,63.4,0.877,0.929,hydration_tip
FS_0948,18-25,normal,heart,happy,0.658,17.0,73.9,47.2,57.2,2.8,30.7,44.2,68.5,80.3,none,91.7,61.5,0.837,0.919,sun_or_stress_tip
FS_0949,18-25,oily,square,sad,0.753,9.2,42.4,78.1,32.7,72.2,27.9,68.6,76.2,56.9,none,73.8,57.8,0.881,0.955,sleep_tip
FS_0950,46-60,normal,square,happy,0.821,17.3,68.4,43.4,9.8,11.2,32.3,68.3,56.5,68.6,dark_lips,81.8,66.3,0.75,0.957,general_skincare
FS_0951,46-60,normal,oval,sad,0.609,15.1,89.4,43.3,40.1,65.3,38.1,54.4,60.5,84.1,dark_lips,50.5,69.9,0.916,0.943,sleep_tip
FS_0952,36-45,normal,round,sad,0.321,20.8,73.0,39.3,24.5,51.2,0.0,52.5,86.3,72.6,none,35.3,67.7,0.892,0.825,general_skincare
FS_0953,46-60,oily,round,neutral,0.966,17.8,65.9,56.7,33.9,38.3,23.5,79.4,46.1,69.2,dark_circles,80.4,67.4,0.771,0.937,general_skincare
FS_0954,36-45,normal,heart,neutral,0.701,11.7,59.2,37.9,23.0,39.8,29.6,36.8,84.4,77.2,redness_flush,72.7,61.4,0.881,0.876,general_skincare
FS_0955,18-25,oily,oval,neutral,0.935,17.5,49.2,77.3,27.3,38.6,32.3,67.2,75.0,76.6,none,82.3,59.8,0.941,0.71,general_skincare
FS_0956,36-45,oily,heart,neutral,0.539,15.3,53.9,74.5,43.9,47.0,26.9,83.8,64.3,71.5,pigmentation,66.9,63.6,0.748,0.885,general_skincare
FS_0957,46-60,dry,oval,happy,0.537,17.5,48.7,27.1,17.4,26.1,69.7,62.7,41.0,57.2,none,77.4,58.7,0.866,0.865,hydration_tip
FS_0958,18-25,normal,round,neutral,0.641,18.1,68.9,54.5,0.0,44.1,31.5,100.0,69.9,80.0,pigmentation,67.6,74.1,0.963,0.881,general_skincare
FS_0959,46-60,oily,oval,calm,0.84,14.2,75.9,73.1,8.8,24.1,45.2,93.6,61.0,92.9,none,79.5,75.3,0.948,0.72,general_skincare
FS_0960,46-60,dry,heart,calm,0.939,19.1,69.5,57.1,11.5,23.0,14.4,53.7,67.0,80.5,dark_circles,88.3,74.3,0.738,0.75,hydration_tip
FS_0961,36-45,normal,oblong,happy,0.636,21.9,60.5,36.7,52.2,46.2,44.1,56.7,48.6,79.2,dark_lips,72.5,60.3,0.929,0.733,general_skincare
FS_0962,18-25,oily,round,neutral,0.582,14.9,40.7,76.5,18.4,50.6,34.6,93.6,75.1,82.7,dark_circles,67.7,63.2,0.937,0.849,general_skincare
FS_0963,46-60,dry,oblong,neutral,0.603,10.5,20.6,25.1,50.6,11.2,65.7,85.2,33.1,68.2,dullness,70.7,47.1,0.738,0.763,hydration_tip
FS_0964,18-25,oily,square,neutral,0.757,12.4,40.3,83.6,25.3,43.0,14.1,71.8,54.6,80.2,none,77.5,56.8,0.871,0.754,general_skincare
FS_0965,18-25,dry,oval,sleepy,0.366,20.7,33.7,29.6,40.8,58.2,6.3,71.1,64.1,78.7,none,36.0,53.7,0.865,0.747,hydration_tip
FS_0966,36-45,normal,heart,calm,0.59,21.2,69.0,29.0,32.5,35.2,18.4,83.2,61.3,83.7,redness_flush,79.3,67.1,0.84,0.919,general_skincare
FS_0967,26-35,dry,oval,calm,0.967,19.8,31.1,47.2,39.0,11.2,28.1,76.7,36.9,84.4,dryness,93.0,57.0,0.728,0.717,hydration_tip
FS_0968,26-35,normal,heart,happy,0.599,19.7,50.3,45.3,33.7,46.6,26.6,78.9,69.6,77.7,sun_damage,71.7,67.6,0.759,0.918,general_skincare
FS_0969,36-45,normal,oval,calm,0.77,17.6,72.0,47.5,30.7,36.1,47.5,90.5,72.7,68.1,none,73.5,74.2,0.936,0.852,general_skincare
FS_0970,46-60,oily,heart,tired,0.54,22.2,58.7,64.9,28.9,45.7,35.1,77.9,53.0,72.9,sun_damage,58.1,57.9,0.933,0.876,general_skincare
FS_0971,46-60,normal,round,stressed,0.584,23.2,52.6,61.1,57.0,51.4,44.5,74.2,68.0,89.9,dryness,47.9,58.0,0.929,0.802,sun_or_stress_tip
FS_0972,46-60,dry,square,neutral,0.654,18.9,39.6,9.7,42.9,8.7,44.0,100.0,59.5,71.8,pigmentation,77.6,62.6,0.819,0.882,hydration_tip
FS_0973,26-35,normal,round,stressed,0.653,21.6,73.2,69.8,54.2,40.8,24.5,60.9,81.6,72.2,none,58.5,69.4,0.906,0.803,general_skincare
FS_0974,36-45,oily,square,calm,0.623,13.3,69.1,54.8,0.0,31.6,37.7,83.7,56.7,67.4,none,80.3,70.8,0.758,0.727,general_skincare
FS_0975,18-25,oily,heart,neutral,0.706,21.6,76.4,94.0,18.0,50.1,32.6,60.9,57.6,74.6,none,66.7,67.5,0.884,0.912,general_skincare
FS_0976,36-45,normal,oblong,stressed,0.586,26.9,59.1,39.1,58.2,85.9,44.3,85.4,50.8,79.3,dullness,58.4,56.7,0.946,0.879,sun_or_stress_tip
FS_0977,26-35,normal,round,neutral,0.518,17.9,73.1,50.1,19.7,25.1,31.8,60.5,60.9,76.7,dark_lips,52.6,73.1,0.849,0.784,general_skincare
FS_0978,36-45,oily,heart,stressed,0.695,27.9,61.1,53.7,59.6,39.3,7.0,78.1,80.7,89.6,sun_damage,53.0,64.4,0.861,0.843,sun_or_stress_tip
FS_0979,46-60,oily,oblong,stressed,0.608,22.9,56.3,66.1,71.0,52.8,38.6,67.9,61.2,62.0,dark_lips,53.0,54.5,0.963,0.923,sun_or_stress_tip
FS_0980,46-60,oily,round,calm,0.791,9.7,65.4,84.7,13.3,50.8,32.7,63.9,60.9,82.0,none,84.3,66.4,0.76,0.902,general_skincare
FS_0981,26-35,dry,square,tired,0.212,20.1,27.9,17.4,60.6,71.2,10.5,61.7,41.3,77.6,redness_flush,33.8,51.4,0.946,0.724,hydration_tip
FS_0982,26-35,oily,oval,tired,0.316,21.6,51.3,71.6,26.6,90.1,25.6,48.7,79.0,74.9,dryness,37.2,57.9,0.725,0.795,sleep_tip
FS_0983,26-35,normal,square,tired,0.524,21.8,68.9,47.8,21.0,72.7,53.9,79.7,76.1,64.2,sun_damage,51.0,69.6,0.901,0.947,sleep_tip
FS_0984,46-60,normal,oval,calm,0.706,17.1,69.8,45.9,33.1,22.7,54.2,87.4,62.3,76.5,pigmentation,75.4,68.1,0.941,0.728,general_skincare
FS_0985,36-45,oily,square,neutral,0.657,16.5,48.6,77.7,46.1,43.0,8.3,65.2,62.3,78.5,dryness,71.4,60.5,0.867,0.913,general_skincare
FS_0986,18-25,normal,oval,neutral,0.692,9.6,59.3,58.3,46.4,31.2,10.7,80.0,73.8,76.9,none,71.6,68.2,0.872,0.755,general_skincare
FS_0987,46-60,normal,heart,calm,0.664,23.2,89.9,27.0,7.7,35.3,21.9,72.6,70.1,77.6,dullness,63.7,80.6,0.874,0.725,general_skincare
FS_0988,36-45,dry,heart,sad,0.628,20.3,41.5,43.0,19.4,63.4,48.9,58.6,56.7,81.7,none,51.6,55.0,0.735,0.836,hydration_tip
FS_0989,46-60,oily,round,neutral,0.912,20.6,63.4,70.8,31.0,55.6,51.8,82.7,65.7,73.3,none,71.7,66.2,0.949,0.741,general_skincare
FS_0990,46-60,oily,heart,tired,0.523,17.3,42.9,100.0,74.6,60.8,10.6,87.0,74.7,84.9,none,56.3,52.7,0.908,0.793,sun_or_stress_tip
FS_0991,36-45,normal,heart,happy,0.652,18.3,63.7,21.4,54.5,46.2,7.8,80.3,91.3,76.3,none,82.9,69.6,0.84,0.775,general_skincare
FS_0992,36-45,oily,round,calm,0.752,16.1,62.9,73.7,11.8,43.8,19.7,63.1,70.2,82.4,dark_lips,84.8,68.0,0.811,0.728,general_skincare
FS_0993,46-60,oily,square,sleepy,0.427,23.9,53.9,53.1,40.3,79.4,54.3,65.3,60.7,69.8,dryness,43.7,45.6,0.9,0.819,sleep_tip
FS_0994,18-25,normal,oblong,tired,0.747,21.3,71.2,54.2,39.8,72.5,25.7,76.7,42.0,73.7,dullness,53.1,57.2,0.819,0.844,sleep_tip
FS_0995,18-25,dry,square,happy,0.941,18.6,39.5,5.6,30.3,32.1,43.9,49.4,45.1,73.3,sun_damage,84.4,50.5,0.818,0.837,hydration_tip
FS_0996,46-60,normal,oblong,stressed,0.842,23.1,52.3,65.0,37.8,59.6,34.0,71.1,87.2,70.9,pigmentation,61.7,57.8,0.825,0.759,general_skincare
FS_0997,26-35,oily,oblong,neutral,0.81,17.3,68.8,68.6,34.3,31.4,15.7,37.4,82.9,93.7,dullness,68.9,68.1,0.836,0.931,general_skincare
FS_0998,36-45,oily,oval,happy,0.679,14.4,49.6,62.3,31.3,23.8,24.7,72.1,62.0,88.4,none,78.2,61.5,0.785,0.808,general_skincare
FS_0999,36-45,oily,heart,calm,0.644,20.8,55.0,46.7,43.2,23.1,0.0,65.6,77.3,81.6,dark_circles,69.5,67.2,0.731,0.708,general_skincare
FS_1000,18-25,normal,heart,neutral,0.652,19.9,51.8,58.3,37.7,16.3,21.5,78.9,43.3,68.7,dark_circles,69.3,57.7,0.837,0.725,general_skincare
